--
-- PostgreSQL database dump
--

-- Dumped from database version 13.1
-- Dumped by pg_dump version 13.1

SET statement_timeout = 0;
SET lock_timeout = 0;
SET idle_in_transaction_session_timeout = 0;
SET client_encoding = 'UTF8';
SET standard_conforming_strings = on;
SELECT pg_catalog.set_config('search_path', '', false);
SET check_function_bodies = false;
SET xmloption = content;
SET client_min_messages = warning;
SET row_security = off;

SET default_tablespace = '';

SET default_table_access_method = heap;

--
-- Name: Candidat; Type: TABLE; Schema: public; Owner: postgres
--

CREATE TABLE public."Candidat" (
    id integer NOT NULL,
    "Nom" character varying NOT NULL,
    indicateur_partis numeric(3,2) NOT NULL
);


ALTER TABLE public."Candidat" OWNER TO postgres;

--
-- Name: Candidat_id_seq; Type: SEQUENCE; Schema: public; Owner: postgres
--

CREATE SEQUENCE public."Candidat_id_seq"
    AS integer
    START WITH 1
    INCREMENT BY 1
    NO MINVALUE
    NO MAXVALUE
    CACHE 1;


ALTER TABLE public."Candidat_id_seq" OWNER TO postgres;

--
-- Name: Candidat_id_seq; Type: SEQUENCE OWNED BY; Schema: public; Owner: postgres
--

ALTER SEQUENCE public."Candidat_id_seq" OWNED BY public."Candidat".id;


--
-- Name: Demographie; Type: TABLE; Schema: public; Owner: postgres
--

CREATE TABLE public."Demographie" (
    id integer NOT NULL,
    nb_habitant integer NOT NULL,
    taux_genre numeric(5,2) NOT NULL,
    age_moyen numeric(5,2) NOT NULL,
    date_donnees date NOT NULL,
    code_departement character(1) NOT NULL
);


ALTER TABLE public."Demographie" OWNER TO postgres;

--
-- Name: Demographie_id_seq; Type: SEQUENCE; Schema: public; Owner: postgres
--

CREATE SEQUENCE public."Demographie_id_seq"
    AS integer
    START WITH 1
    INCREMENT BY 1
    NO MINVALUE
    NO MAXVALUE
    CACHE 1;


ALTER TABLE public."Demographie_id_seq" OWNER TO postgres;

--
-- Name: Demographie_id_seq; Type: SEQUENCE OWNED BY; Schema: public; Owner: postgres
--

ALTER SEQUENCE public."Demographie_id_seq" OWNED BY public."Demographie".id;


--
-- Name: Departement; Type: TABLE; Schema: public; Owner: postgres
--

CREATE TABLE public."Departement" (
    "ISO_Code" character varying NOT NULL,
    "Nom" character varying NOT NULL,
    "Code_Region" character varying NOT NULL
);


ALTER TABLE public."Departement" OWNER TO postgres;

--
-- Name: Region; Type: TABLE; Schema: public; Owner: postgres
--

CREATE TABLE public."Region" (
    "ISO_Code" character varying NOT NULL,
    "Nom" character varying NOT NULL
);


ALTER TABLE public."Region" OWNER TO postgres;

--
-- Name: Securite; Type: TABLE; Schema: public; Owner: postgres
--

CREATE TABLE public."Securite" (
    id integer NOT NULL,
    nb_effraction integer NOT NULL,
    date_donnees date NOT NULL,
    code_departement character(1) NOT NULL
);


ALTER TABLE public."Securite" OWNER TO postgres;

--
-- Name: Securite_id_seq; Type: SEQUENCE; Schema: public; Owner: postgres
--

CREATE SEQUENCE public."Securite_id_seq"
    AS integer
    START WITH 1
    INCREMENT BY 1
    NO MINVALUE
    NO MAXVALUE
    CACHE 1;


ALTER TABLE public."Securite_id_seq" OWNER TO postgres;

--
-- Name: Securite_id_seq; Type: SEQUENCE OWNED BY; Schema: public; Owner: postgres
--

ALTER SEQUENCE public."Securite_id_seq" OWNED BY public."Securite".id;


--
-- Name: Vie_economique; Type: TABLE; Schema: public; Owner: postgres
--

CREATE TABLE public."Vie_economique" (
    id integer NOT NULL,
    taux_chomage numeric(5,2) NOT NULL,
    nb_entreprise integer NOT NULL,
    date_donnees date NOT NULL,
    code_departement character(10) NOT NULL
);


ALTER TABLE public."Vie_economique" OWNER TO postgres;

--
-- Name: Vie_economique_id_seq; Type: SEQUENCE; Schema: public; Owner: postgres
--

CREATE SEQUENCE public."Vie_economique_id_seq"
    AS integer
    START WITH 1
    INCREMENT BY 1
    NO MINVALUE
    NO MAXVALUE
    CACHE 1;


ALTER TABLE public."Vie_economique_id_seq" OWNER TO postgres;

--
-- Name: Vie_economique_id_seq; Type: SEQUENCE OWNED BY; Schema: public; Owner: postgres
--

ALTER SEQUENCE public."Vie_economique_id_seq" OWNED BY public."Vie_economique".id;


--
-- Name: Vote; Type: TABLE; Schema: public; Owner: postgres
--

CREATE TABLE public."Vote" (
    id integer NOT NULL,
    taux numeric(5,2) NOT NULL,
    date_donnees date NOT NULL,
    id_candidat integer NOT NULL,
    code_departement character varying NOT NULL
);


ALTER TABLE public."Vote" OWNER TO postgres;

--
-- Name: Vote_id_seq; Type: SEQUENCE; Schema: public; Owner: postgres
--

CREATE SEQUENCE public."Vote_id_seq"
    AS integer
    START WITH 1
    INCREMENT BY 1
    NO MINVALUE
    NO MAXVALUE
    CACHE 1;


ALTER TABLE public."Vote_id_seq" OWNER TO postgres;

--
-- Name: Vote_id_seq; Type: SEQUENCE OWNED BY; Schema: public; Owner: postgres
--

ALTER SEQUENCE public."Vote_id_seq" OWNED BY public."Vote".id;


--
-- Name: Candidat id; Type: DEFAULT; Schema: public; Owner: postgres
--

ALTER TABLE ONLY public."Candidat" ALTER COLUMN id SET DEFAULT nextval('public."Candidat_id_seq"'::regclass);


--
-- Name: Demographie id; Type: DEFAULT; Schema: public; Owner: postgres
--

ALTER TABLE ONLY public."Demographie" ALTER COLUMN id SET DEFAULT nextval('public."Demographie_id_seq"'::regclass);


--
-- Name: Securite id; Type: DEFAULT; Schema: public; Owner: postgres
--

ALTER TABLE ONLY public."Securite" ALTER COLUMN id SET DEFAULT nextval('public."Securite_id_seq"'::regclass);


--
-- Name: Vie_economique id; Type: DEFAULT; Schema: public; Owner: postgres
--

ALTER TABLE ONLY public."Vie_economique" ALTER COLUMN id SET DEFAULT nextval('public."Vie_economique_id_seq"'::regclass);


--
-- Name: Vote id; Type: DEFAULT; Schema: public; Owner: postgres
--

ALTER TABLE ONLY public."Vote" ALTER COLUMN id SET DEFAULT nextval('public."Vote_id_seq"'::regclass);


--
-- Data for Name: Candidat; Type: TABLE DATA; Schema: public; Owner: postgres
--

COPY public."Candidat" (id, "Nom", indicateur_partis) FROM stdin;
1	Arthaud Nathalie	0.10
2	Poutou Philippe	0.00
3	Mélenchon Jean-Luc	0.20
4	Hollande François	0.30
5	Joly Eva	0.40
6	Cheminade Jacques	0.50
7	Sarkozy Nicolas	0.60
8	Bayrou François	0.60
9	Dupont-Aignan Nicolas	0.80
10	Le Pen Marine	1.00
11	Hamon Benoit	0.30
12	Lassalle Jean	0.55
13	Macron Emmanuel	0.50
14	Asselineau François	0.60
15	Fillon François	0.80
16	Roussel Fabien	0.20
17	Hidalgo Anne	0.30
18	Jadot Yannick	0.40
19	Pécresse Valérie	0.80
20	Zemmour Eric	1.00
\.


--
-- Data for Name: Demographie; Type: TABLE DATA; Schema: public; Owner: postgres
--

COPY public."Demographie" (id, nb_habitant, taux_genre, age_moyen, date_donnees, code_departement) FROM stdin;
\.


--
-- Data for Name: Departement; Type: TABLE DATA; Schema: public; Owner: postgres
--

COPY public."Departement" ("ISO_Code", "Nom", "Code_Region") FROM stdin;
FR-01	Ain	FR-ARA
FR-02	Aisne	FR-HDF
FR-03	Allier	FR-ARA
FR-04	Alpes-de-Haute-Provence	FR-PAC
FR-05	Hautes-Alpes	FR-PAC
FR-06	Alpes-Maritimes	FR-PAC
FR-07	Ardèche	FR-ARA
FR-08	Ardennes	FR-GES
FR-09	Ariège	FR-OCC
FR-10	Aube	FR-GES
FR-11	Aude	FR-OCC
FR-12	Aveyron	FR-OCC
FR-13	Bouches-du-Rhône	FR-PAC
FR-14	Calvados	FR-NOR
FR-15	Cantal	FR-ARA
FR-16	Charente	FR-NAQ
FR-17	Charente-Maritime	FR-NAQ
FR-18	Cher	FR-CVL
FR-19	Corrèze	FR-NAQ
FR-2A	Corse-du-Sud	FR-COR
FR-2B	Haute-Corse	FR-COR
FR-21	Côte-d'Or	FR-BFC
FR-22	Côtes-d'Armor	FR-BRE
FR-23	Creuse	FR-NAQ
FR-24	Dordogne	FR-NAQ
FR-25	Doubs	FR-BFC
FR-26	Drôme	FR-ARA
FR-27	Eure	FR-NOR
FR-28	Eure-et-Loir	FR-CVL
FR-29	Finistère	FR-BRE
FR-30	Gard	FR-OCC
FR-31	Haute-Garonne	FR-OCC
FR-32	Gers	FR-OCC
FR-33	Gironde	FR-NAQ
FR-34	Hérault	FR-OCC
FR-35	Ille-et-Vilaine	FR-BRE
FR-36	Indre	FR-CVL
FR-37	Indre-et-Loire	FR-CVL
FR-38	Isère	FR-ARA
FR-39	Jura	FR-BFC
FR-40	Landes	FR-NAQ
FR-41	Loir-et-Cher	FR-CVL
FR-42	Loire	FR-ARA
FR-43	Haute-Loire	FR-ARA
FR-44	Loire-Atlantique	FR-PDL
FR-45	Loiret	FR-CVL
FR-46	Lot	FR-OCC
FR-47	Lot-et-Garonne	FR-NAQ
FR-48	Lozère	FR-OCC
FR-49	Maine-et-Loire	FR-PDL
FR-50	Manche	FR-NOR
FR-51	Marne	FR-GES
FR-52	Haute-Marne	FR-GES
FR-53	Mayenne	FR-PDL
FR-54	Meurthe-et-Moselle	FR-GES
FR-55	Meuse	FR-GES
FR-56	Morbihan	FR-BRE
FR-57	Moselle	FR-GES
FR-58	Nièvre	FR-BFC
FR-59	Nord	FR-HDF
FR-60	Oise	FR-HDF
FR-61	Orne	FR-NOR
FR-62	Pas-de-Calais	FR-HDF
FR-63	Puy-de-Dôme	FR-ARA
FR-64	Pyrénées-Atlantiques	FR-NAQ
FR-65	Hautes-Pyrénées	FR-OCC
FR-66	Pyrénées-Orientales	FR-OCC
FR-67	Bas-Rhin	FR-GES
FR-68	Haut-Rhin	FR-GES
FR-69	Rhône	FR-ARA
FR-70	Haute-Saône	FR-BFC
FR-71	Saône-et-Loire	FR-BFC
FR-72	Sarthe	FR-PDL
FR-73	Savoie	FR-ARA
FR-74	Haute-Savoie	FR-ARA
FR-75	Paris	FR-IDF
FR-76	Seine-Maritime	FR-NOR
FR-77	Seine-et-Marne	FR-IDF
FR-78	Yvelines	FR-IDF
FR-79	Deux-Sèvres	FR-NAQ
FR-80	Somme	FR-HDF
FR-81	Tarn	FR-OCC
FR-82	Tarn-et-Garonne	FR-OCC
FR-83	Var	FR-PAC
FR-84	Vaucluse	FR-PAC
FR-85	Vendée	FR-PDL
FR-86	Vienne	FR-NAQ
FR-87	Haute-Vienne	FR-NAQ
FR-88	Vosges	FR-GES
FR-89	Yonne	FR-BFC
FR-90	Territoire de Belfort	FR-BFC
FR-91	Essonne	FR-IDF
FR-92	Hauts-de-Seine	FR-IDF
FR-93	Seine-Saint-Denis	FR-IDF
FR-94	Val-de-Marne	FR-IDF
FR-95	Val-d'Oise	FR-IDF
\.


--
-- Data for Name: Region; Type: TABLE DATA; Schema: public; Owner: postgres
--

COPY public."Region" ("ISO_Code", "Nom") FROM stdin;
FR-ARA	Auvergne-Rhône-Alpes
FR-BFC	Bourgogne-Franche Comté
FR-BRE	Bretagne
FR-CVL	Centre-Val de Loire
FR-GES	Grande Est
FR-HDF	Hauts-de-France
FR-IDF	Ile-de-France
FR-NOR	Normandie
FR-NAQ	Nouvelle-Aquitaine
FR-OCC	Occitanie
FR-PDL	Pays de la Loire
FR-PAC	Provence-Alpes-Côtes d'Azur
FR-COR	Corse
\.


--
-- Data for Name: Securite; Type: TABLE DATA; Schema: public; Owner: postgres
--

COPY public."Securite" (id, nb_effraction, date_donnees, code_departement) FROM stdin;
\.


--
-- Data for Name: Vie_economique; Type: TABLE DATA; Schema: public; Owner: postgres
--

COPY public."Vie_economique" (id, taux_chomage, nb_entreprise, date_donnees, code_departement) FROM stdin;
873	6.73	14983	2010-01-01	FR-01     
874	12.48	10613	2010-01-01	FR-02     
875	9.15	8715	2010-01-01	FR-03     
876	9.63	5282	2010-01-01	FR-04     
877	7.68	5578	2010-01-01	FR-05     
878	8.43	41598	2010-01-01	FR-06     
879	9.28	8265	2010-01-01	FR-07     
880	10.85	6166	2010-01-01	FR-08     
881	10.30	4151	2010-01-01	FR-09     
882	9.25	7632	2010-01-01	FR-10     
883	11.98	9562	2010-01-01	FR-11     
884	6.33	8590	2010-01-01	FR-12     
885	11.35	59454	2010-01-01	FR-13     
886	8.85	18896	2010-01-01	FR-14     
887	5.60	4305	2010-01-01	FR-15     
888	9.03	8319	2010-01-01	FR-16     
889	9.58	17891	2010-01-01	FR-17     
890	9.00	7357	2010-01-01	FR-18     
891	6.40	6832	2010-01-01	FR-19     
892	7.63	14323	2010-01-01	FR-21     
893	7.58	14821	2010-01-01	FR-22     
894	8.43	2896	2010-01-01	FR-23     
895	9.03	11524	2010-01-01	FR-24     
896	9.15	13216	2010-01-01	FR-25     
897	9.58	15266	2010-01-01	FR-26     
898	9.25	12706	2010-01-01	FR-27     
899	8.45	9649	2010-01-01	FR-28     
900	7.95	22373	2010-01-01	FR-29     
901	8.13	5994	2010-01-01	FR-2A     
902	8.85	6030	2010-01-01	FR-2B     
903	11.80	19450	2010-01-01	FR-30     
904	9.20	37092	2010-01-01	FR-31     
905	6.75	5189	2010-01-01	FR-32     
906	8.98	41633	2010-01-01	FR-33     
907	12.33	32327	2010-01-01	FR-34     
908	7.05	26522	2010-01-01	FR-35     
909	8.10	5835	2010-01-01	FR-36     
910	7.93	15453	2010-01-01	FR-37     
911	7.80	32716	2010-01-01	FR-38     
912	7.45	7063	2010-01-01	FR-39     
913	7.98	10578	2010-01-01	FR-40     
914	7.98	8117	2010-01-01	FR-41     
915	9.03	21441	2010-01-01	FR-42     
916	7.08	6310	2010-01-01	FR-43     
917	8.05	34782	2010-01-01	FR-44     
918	8.40	16063	2010-01-01	FR-45     
919	8.18	4933	2010-01-01	FR-46     
920	9.25	9130	2010-01-01	FR-47     
921	4.93	2491	2010-01-01	FR-48     
922	8.08	19671	2010-01-01	FR-49     
923	7.78	12157	2010-01-01	FR-50     
924	8.40	13696	2010-01-01	FR-51     
925	8.73	4304	2010-01-01	FR-52     
926	6.18	7267	2010-01-01	FR-53     
927	8.95	16224	2010-01-01	FR-54     
928	9.63	3846	2010-01-01	FR-55     
929	8.05	19418	2010-01-01	FR-56     
930	9.68	22783	2010-01-01	FR-57     
931	9.08	5373	2010-01-01	FR-58     
932	12.45	56212	2010-01-01	FR-59     
933	9.25	16634	2010-01-01	FR-60     
934	8.63	7139	2010-01-01	FR-61     
935	12.05	28213	2010-01-01	FR-62     
936	8.28	16720	2010-01-01	FR-63     
937	7.73	21395	2010-01-01	FR-64     
938	9.88	7184	2010-01-01	FR-65     
939	12.05	13294	2010-01-01	FR-66     
940	8.13	30998	2010-01-01	FR-67     
941	8.88	18939	2010-01-01	FR-68     
942	8.43	57495	2010-01-01	FR-69     
943	8.45	5173	2010-01-01	FR-70     
944	8.58	14435	2010-01-01	FR-71     
945	8.63	12601	2010-01-01	FR-72     
946	7.58	16082	2010-01-01	FR-73     
947	7.30	24515	2010-01-01	FR-74     
948	8.08	151424	2010-01-01	FR-75     
949	10.23	29721	2010-01-01	FR-76     
950	7.03	30490	2010-01-01	FR-77     
951	6.58	32184	2010-01-01	FR-78     
952	6.95	8760	2010-01-01	FR-79     
953	10.88	12203	2010-01-01	FR-80     
954	9.75	10181	2010-01-01	FR-81     
955	9.65	1016240	2010-01-01	FR-82     
956	9.73	32206	2010-01-01	FR-83     
957	10.85	17786	2010-01-01	FR-84     
958	7.43	17516	2010-01-01	FR-85     
959	8.03	10257	2010-01-01	FR-86     
960	8.40	9485	2010-01-01	FR-87     
961	9.98	9701	2010-01-01	FR-88     
962	8.78	8319	2010-01-01	FR-89     
963	10.25	3215	2010-01-01	FR-90     
964	6.58	26597	2010-01-01	FR-91     
965	7.10	47211	2010-01-01	FR-92     
966	11.13	35761	2010-01-01	FR-93     
967	7.75	33157	2010-01-01	FR-94     
968	9.00	24725	2010-01-01	FR-95     
969	6.33	15276	2011-01-01	FR-01     
970	12.63	10560	2011-01-01	FR-02     
971	9.18	8638	2011-01-01	FR-03     
972	9.90	5292	2011-01-01	FR-04     
973	8.05	5558	2011-01-01	FR-05     
974	8.63	41524	2011-01-01	FR-06     
975	9.25	8286	2011-01-01	FR-07     
976	10.73	6168	2011-01-01	FR-08     
977	10.58	4046	2011-01-01	FR-09     
978	9.78	7570	2011-01-01	FR-10     
979	12.23	9480	2011-01-01	FR-11     
980	6.25	8513	2011-01-01	FR-12     
981	11.55	59733	2011-01-01	FR-13     
982	8.83	18991	2011-01-01	FR-14     
983	5.83	4269	2011-01-01	FR-15     
984	9.18	8328	2011-01-01	FR-16     
985	9.33	18066	2011-01-01	FR-17     
986	9.08	7312	2011-01-01	FR-18     
987	6.65	6801	2011-01-01	FR-19     
988	7.43	14411	2011-01-01	FR-21     
989	7.65	14839	2011-01-01	FR-22     
990	8.88	2843	2011-01-01	FR-23     
991	9.40	11386	2011-01-01	FR-24     
992	8.38	13235	2011-01-01	FR-25     
993	9.55	15456	2011-01-01	FR-26     
994	9.23	12715	2011-01-01	FR-27     
995	8.35	9661	2011-01-01	FR-28     
996	7.83	22360	2011-01-01	FR-29     
997	8.28	6066	2011-01-01	FR-2A     
998	9.05	6114	2011-01-01	FR-2B     
999	11.83	19390	2011-01-01	FR-30     
1000	9.18	37378	2011-01-01	FR-31     
1001	6.88	5144	2011-01-01	FR-32     
1002	9.13	42285	2011-01-01	FR-33     
1003	12.58	1042511	2011-01-01	FR-34     
1004	6.88	26930	2011-01-01	FR-35     
1005	8.05	5764	2011-01-01	FR-36     
1006	7.75	15485	2011-01-01	FR-37     
1007	7.60	33330	2011-01-01	FR-38     
1008	6.73	7067	2011-01-01	FR-39     
1009	8.13	10650	2011-01-01	FR-40     
1010	7.78	8059	2011-01-01	FR-41     
1011	8.90	21368	2011-01-01	FR-42     
1012	7.18	6229	2011-01-01	FR-43     
1013	7.60	34696	2011-01-01	FR-44     
1014	8.38	16133	2011-01-01	FR-45     
1015	8.55	4889	2011-01-01	FR-46     
1016	9.13	9060	2011-01-01	FR-47     
1017	5.23	2493	2011-01-01	FR-48     
1018	7.93	19627	2011-01-01	FR-49     
1019	7.73	12147	2011-01-01	FR-50     
1020	8.50	13727	2011-01-01	FR-51     
1021	8.50	4291	2011-01-01	FR-52     
1022	5.73	7276	2011-01-01	FR-53     
1023	8.85	16149	2011-01-01	FR-54     
1024	9.45	3812	2011-01-01	FR-55     
1025	7.88	19509	2011-01-01	FR-56     
1026	9.35	22814	2011-01-01	FR-57     
1027	9.10	5271	2011-01-01	FR-58     
1028	12.20	56491	2011-01-01	FR-59     
1029	9.00	16692	2011-01-01	FR-60     
1030	8.45	7090	2011-01-01	FR-61     
1031	12.10	28522	2011-01-01	FR-62     
1032	8.05	16683	2011-01-01	FR-63     
1033	7.65	21513	2011-01-01	FR-64     
1034	9.93	7053	2011-01-01	FR-65     
1035	12.48	13114	2011-01-01	FR-66     
1036	7.80	31408	2011-01-01	FR-67     
1037	8.65	19067	2011-01-01	FR-68     
1038	8.30	58018	2011-01-01	FR-69     
1039	8.28	5138	2011-01-01	FR-70     
1040	8.43	14363	2011-01-01	FR-71     
1041	8.35	12532	2011-01-01	FR-72     
1042	7.28	16316	2011-01-01	FR-73     
1043	6.68	24777	2011-01-01	FR-74     
1044	7.85	152671	2011-01-01	FR-75     
1045	10.18	29574	2011-01-01	FR-76     
1046	7.00	30731	2011-01-01	FR-77     
1047	6.45	32416	2011-01-01	FR-78     
1048	6.68	8669	2011-01-01	FR-79     
1049	10.73	12208	2011-01-01	FR-80     
1050	10.00	10129	2011-01-01	FR-81     
1051	9.83	1016273	2011-01-01	FR-82     
1052	9.98	32544	2011-01-01	FR-83     
1053	11.33	17726	2011-01-01	FR-84     
1054	7.05	17426	2011-01-01	FR-85     
1055	7.85	10246	2011-01-01	FR-86     
1056	8.55	9372	2011-01-01	FR-87     
1057	10.00	9581	2011-01-01	FR-88     
1058	8.75	8285	2011-01-01	FR-89     
1059	9.43	3200	2011-01-01	FR-90     
1060	6.50	26731	2011-01-01	FR-91     
1061	7.00	47512	2011-01-01	FR-92     
1062	11.33	36583	2011-01-01	FR-93     
1063	7.85	33199	2011-01-01	FR-94     
1064	9.00	25067	2011-01-01	FR-95     
1065	6.85	15335	2012-01-01	FR-01     
1066	13.68	10332	2012-01-01	FR-02     
1067	9.83	8559	2012-01-01	FR-03     
1068	10.63	5288	2012-01-01	FR-04     
1069	8.58	5597	2012-01-01	FR-05     
1070	9.33	41165	2012-01-01	FR-06     
1071	10.03	8287	2012-01-01	FR-07     
1072	11.83	6077	2012-01-01	FR-08     
1073	11.55	4022	2012-01-01	FR-09     
1074	10.78	7487	2012-01-01	FR-10     
1075	13.03	9358	2012-01-01	FR-11     
1076	6.83	8434	2012-01-01	FR-12     
1077	11.85	59713	2012-01-01	FR-13     
1078	9.40	19008	2012-01-01	FR-14     
1079	6.48	4228	2012-01-01	FR-15     
1080	10.05	8249	2012-01-01	FR-16     
1081	9.85	17961	2012-01-01	FR-17     
1082	9.73	7195	2012-01-01	FR-18     
1083	7.53	6726	2012-01-01	FR-19     
1084	8.10	14281	2012-01-01	FR-21     
1085	8.25	14706	2012-01-01	FR-22     
1086	9.43	2789	2012-01-01	FR-23     
1087	10.30	11234	2012-01-01	FR-24     
1088	8.90	13116	2012-01-01	FR-25     
1089	10.33	15386	2012-01-01	FR-26     
1090	10.08	12629	2012-01-01	FR-27     
1091	9.08	9668	2012-01-01	FR-28     
1092	8.50	22209	2012-01-01	FR-29     
1093	8.68	6122	2012-01-01	FR-2A     
1094	9.43	6109	2012-01-01	FR-2B     
1095	12.58	19208	2012-01-01	FR-30     
1096	9.73	37405	2012-01-01	FR-31     
1097	7.35	5063	2012-01-01	FR-32     
1098	9.63	42654	2012-01-01	FR-33     
1099	13.48	32457	2012-01-01	FR-34     
1100	7.75	26918	2012-01-01	FR-35     
1101	8.83	5721	2012-01-01	FR-36     
1102	8.43	15429	2012-01-01	FR-37     
1103	8.05	33253	2012-01-01	FR-38     
1104	7.08	6986	2012-01-01	FR-39     
1105	8.80	10559	2012-01-01	FR-40     
1106	8.38	8019	2012-01-01	FR-41     
1107	9.53	21234	2012-01-01	FR-42     
1108	7.90	6255	2012-01-01	FR-43     
1109	7.98	35146	2012-01-01	FR-44     
1110	9.18	16050	2012-01-01	FR-45     
1111	9.18	4781	2012-01-01	FR-46     
1112	9.73	8995	2012-01-01	FR-47     
1113	5.65	2474	2012-01-01	FR-48     
1114	8.65	19609	2012-01-01	FR-49     
1115	7.98	12045	2012-01-01	FR-50     
1116	9.25	13617	2012-01-01	FR-51     
1117	9.23	4192	2012-01-01	FR-52     
1118	6.40	7256	2012-01-01	FR-53     
1119	9.53	15935	2012-01-01	FR-54     
1120	10.13	3751	2012-01-01	FR-55     
1121	8.48	19505	2012-01-01	FR-56     
1122	9.90	22647	2012-01-01	FR-57     
1123	9.70	5111	2012-01-01	FR-58     
1124	12.80	56307	2012-01-01	FR-59     
1125	9.65	16535	2012-01-01	FR-60     
1126	9.00	6961	2012-01-01	FR-61     
1127	12.93	28247	2012-01-01	FR-62     
1128	8.40	16585	2012-01-01	FR-63     
1129	8.15	21317	2012-01-01	FR-64     
1130	10.75	7014	2012-01-01	FR-65     
1131	13.75	13033	2012-01-01	FR-66     
1132	8.30	31331	2012-01-01	FR-67     
1133	9.35	19079	2012-01-01	FR-68     
1134	8.85	58666	2012-01-01	FR-69     
1135	9.38	5044	2012-01-01	FR-70     
1136	8.95	14260	2012-01-01	FR-71     
1137	9.08	12546	2012-01-01	FR-72     
1138	7.60	16268	2012-01-01	FR-73     
1139	7.13	25060	2012-01-01	FR-74     
1140	8.03	154133	2012-01-01	FR-75     
1141	10.78	29411	2012-01-01	FR-76     
1142	7.50	30785	2012-01-01	FR-77     
1143	6.83	32399	2012-01-01	FR-78     
1144	7.35	8515	2012-01-01	FR-79     
1145	11.63	11959	2012-01-01	FR-80     
1146	10.58	10061	2012-01-01	FR-81     
1147	10.38	6221	2012-01-01	FR-82     
1148	10.40	32366	2012-01-01	FR-83     
1149	12.00	17682	2012-01-01	FR-84     
1150	7.68	17500	2012-01-01	FR-85     
1151	8.20	10152	2012-01-01	FR-86     
1152	9.18	9242	2012-01-01	FR-87     
1153	11.05	9509	2012-01-01	FR-88     
1154	9.50	8248	2012-01-01	FR-89     
1155	10.65	3129	2012-01-01	FR-90     
1156	6.90	1036765	2012-01-01	FR-91     
1157	7.40	47682	2012-01-01	FR-92     
1158	12.05	36700	2012-01-01	FR-93     
1159	8.23	33172	2012-01-01	FR-94     
1160	9.45	25090	2012-01-01	FR-95     
1161	7.13	33950	2013-01-01	FR-01     
1162	14.10	33950	2013-01-01	FR-02     
1163	10.13	33950	2013-01-01	FR-03     
1164	11.07	33950	2013-01-01	FR-04     
1165	9.10	33950	2013-01-01	FR-05     
1166	9.91	33950	2013-01-01	FR-06     
1167	10.49	33950	2013-01-01	FR-07     
1168	12.37	33950	2013-01-01	FR-08     
1169	12.13	33950	2013-01-01	FR-09     
1170	11.56	33950	2013-01-01	FR-10     
1171	13.73	33950	2013-01-01	FR-11     
1172	7.37	33950	2013-01-01	FR-12     
1173	12.11	33950	2013-01-01	FR-13     
1174	9.68	33950	2013-01-01	FR-14     
1175	6.74	33950	2013-01-01	FR-15     
1176	10.27	33950	2013-01-01	FR-16     
1177	10.35	33950	2013-01-01	FR-17     
1178	10.23	33950	2013-01-01	FR-18     
1179	7.99	33950	2013-01-01	FR-19     
1180	8.60	33950	2013-01-01	FR-21     
1181	8.81	33950	2013-01-01	FR-22     
1182	9.73	33950	2013-01-01	FR-23     
1183	10.56	33950	2013-01-01	FR-24     
1184	9.36	33950	2013-01-01	FR-25     
1185	10.73	33950	2013-01-01	FR-26     
1186	10.52	33950	2013-01-01	FR-27     
1187	9.46	33950	2013-01-01	FR-28     
1188	8.96	33950	2013-01-01	FR-29     
1189	9.12	33950	2013-01-01	FR-2A     
1190	10.07	33950	2013-01-01	FR-2B     
1191	13.32	33950	2013-01-01	FR-30     
1192	10.19	33950	2013-01-01	FR-31     
1193	7.85	33950	2013-01-01	FR-32     
1194	9.93	33950	2013-01-01	FR-33     
1195	14.10	33950	2013-01-01	FR-34     
1196	8.13	33950	2013-01-01	FR-35     
1197	9.27	33950	2013-01-01	FR-36     
1198	8.89	33950	2013-01-01	FR-37     
1199	8.27	33950	2013-01-01	FR-38     
1200	7.50	33950	2013-01-01	FR-39     
1201	9.26	33950	2013-01-01	FR-40     
1202	8.98	33950	2013-01-01	FR-41     
1203	9.97	33950	2013-01-01	FR-42     
1204	8.36	33950	2013-01-01	FR-43     
1205	8.44	33950	2013-01-01	FR-44     
1206	9.66	33950	2013-01-01	FR-45     
1207	9.44	33950	2013-01-01	FR-46     
1208	9.99	33950	2013-01-01	FR-47     
1209	6.03	33950	2013-01-01	FR-48     
1210	9.13	33950	2013-01-01	FR-49     
1211	8.30	33950	2013-01-01	FR-50     
1212	9.89	33950	2013-01-01	FR-51     
1213	9.69	33950	2013-01-01	FR-52     
1214	6.80	33950	2013-01-01	FR-53     
1215	9.99	33950	2013-01-01	FR-54     
1216	10.41	33950	2013-01-01	FR-55     
1217	9.06	33950	2013-01-01	FR-56     
1218	10.60	33950	2013-01-01	FR-57     
1219	9.86	33950	2013-01-01	FR-58     
1220	13.24	33950	2013-01-01	FR-59     
1221	10.15	33950	2013-01-01	FR-60     
1222	9.26	33950	2013-01-01	FR-61     
1223	13.37	33950	2013-01-01	FR-62     
1224	8.62	33950	2013-01-01	FR-63     
1225	8.45	33950	2013-01-01	FR-64     
1226	11.19	33950	2013-01-01	FR-65     
1227	14.45	33950	2013-01-01	FR-66     
1228	8.74	33950	2013-01-01	FR-67     
1229	9.81	33950	2013-01-01	FR-68     
1230	9.17	33950	2013-01-01	FR-69     
1231	9.96	33950	2013-01-01	FR-70     
1232	9.21	33950	2013-01-01	FR-71     
1233	9.68	33950	2013-01-01	FR-72     
1234	7.86	33950	2013-01-01	FR-73     
1235	7.39	33950	2013-01-01	FR-74     
1236	8.27	33950	2013-01-01	FR-75     
1237	11.24	33950	2013-01-01	FR-76     
1238	7.88	33950	2013-01-01	FR-77     
1239	7.15	33950	2013-01-01	FR-78     
1240	7.65	33950	2013-01-01	FR-79     
1241	12.11	33950	2013-01-01	FR-80     
1242	10.90	33950	2013-01-01	FR-81     
1243	10.94	33950	2013-01-01	FR-82     
1244	10.74	33950	2013-01-01	FR-83     
1245	12.50	33950	2013-01-01	FR-84     
1246	8.22	33950	2013-01-01	FR-85     
1247	8.42	33950	2013-01-01	FR-86     
1248	9.58	33950	2013-01-01	FR-87     
1249	11.57	33950	2013-01-01	FR-88     
1250	9.86	33950	2013-01-01	FR-89     
1251	11.41	33950	2013-01-01	FR-90     
1252	7.32	33950	2013-01-01	FR-91     
1253	7.66	33950	2013-01-01	FR-92     
1254	12.65	33950	2013-01-01	FR-93     
1255	8.63	33950	2013-01-01	FR-94     
1256	9.89	33950	2013-01-01	FR-95     
1257	7.09	33950	2014-01-01	FR-01     
1258	13.92	33950	2014-01-01	FR-02     
1259	10.25	33950	2014-01-01	FR-03     
1260	11.19	33950	2014-01-01	FR-04     
1261	9.18	33950	2014-01-01	FR-05     
1262	10.24	33950	2014-01-01	FR-06     
1263	10.46	33950	2014-01-01	FR-07     
1264	12.25	33950	2014-01-01	FR-08     
1265	12.11	33950	2014-01-01	FR-09     
1266	12.03	33950	2014-01-01	FR-10     
1267	14.03	33950	2014-01-01	FR-11     
1268	7.33	33950	2014-01-01	FR-12     
1269	12.02	33950	2014-01-01	FR-13     
1270	9.74	33950	2014-01-01	FR-14     
1271	6.57	33950	2014-01-01	FR-15     
1272	10.11	33950	2014-01-01	FR-16     
1273	10.43	33950	2014-01-01	FR-17     
1274	10.17	33950	2014-01-01	FR-18     
1275	7.98	33950	2014-01-01	FR-19     
1276	8.56	33950	2014-01-01	FR-21     
1277	8.98	33950	2014-01-01	FR-22     
1278	9.49	33950	2014-01-01	FR-23     
1279	10.59	33950	2014-01-01	FR-24     
1280	9.39	33950	2014-01-01	FR-25     
1281	10.79	33950	2014-01-01	FR-26     
1282	10.44	33950	2014-01-01	FR-27     
1283	9.57	33950	2014-01-01	FR-28     
1284	9.03	33950	2014-01-01	FR-29     
1285	9.32	33950	2014-01-01	FR-2A     
1286	10.55	33950	2014-01-01	FR-2B     
1287	13.60	33950	2014-01-01	FR-30     
1288	10.42	33950	2014-01-01	FR-31     
1289	7.93	33950	2014-01-01	FR-32     
1290	10.05	33950	2014-01-01	FR-33     
1291	14.20	33950	2014-01-01	FR-34     
1292	8.11	33950	2014-01-01	FR-35     
1293	9.45	33950	2014-01-01	FR-36     
1294	9.08	33950	2014-01-01	FR-37     
1295	8.25	33950	2014-01-01	FR-38     
1296	7.54	33950	2014-01-01	FR-39     
1297	9.39	33950	2014-01-01	FR-40     
1298	9.00	33950	2014-01-01	FR-41     
1299	9.99	33950	2014-01-01	FR-42     
1300	8.39	33950	2014-01-01	FR-43     
1301	8.61	33950	2014-01-01	FR-44     
1302	9.89	33950	2014-01-01	FR-45     
1303	9.29	33950	2014-01-01	FR-46     
1304	10.00	33950	2014-01-01	FR-47     
1305	6.03	33950	2014-01-01	FR-48     
1306	9.29	33950	2014-01-01	FR-49     
1307	8.32	33950	2014-01-01	FR-50     
1308	9.98	33950	2014-01-01	FR-51     
1309	9.68	33950	2014-01-01	FR-52     
1310	6.82	33950	2014-01-01	FR-53     
1311	9.96	33950	2014-01-01	FR-54     
1312	10.22	33950	2014-01-01	FR-55     
1313	9.23	33950	2014-01-01	FR-56     
1314	10.68	33950	2014-01-01	FR-57     
1315	9.67	33950	2014-01-01	FR-58     
1316	13.03	33950	2014-01-01	FR-59     
1317	10.09	33950	2014-01-01	FR-60     
1318	9.29	33950	2014-01-01	FR-61     
1319	13.13	33950	2014-01-01	FR-62     
1320	8.66	33950	2014-01-01	FR-63     
1321	8.55	33950	2014-01-01	FR-64     
1322	11.26	33950	2014-01-01	FR-65     
1323	14.79	33950	2014-01-01	FR-66     
1324	8.79	33950	2014-01-01	FR-67     
1325	9.80	33950	2014-01-01	FR-68     
1326	9.21	33950	2014-01-01	FR-69     
1327	10.05	33950	2014-01-01	FR-70     
1328	9.14	33950	2014-01-01	FR-71     
1329	9.80	33950	2014-01-01	FR-72     
1330	8.03	33950	2014-01-01	FR-73     
1331	7.44	33950	2014-01-01	FR-74     
1332	8.27	33950	2014-01-01	FR-75     
1333	11.17	33950	2014-01-01	FR-76     
1334	8.02	33950	2014-01-01	FR-77     
1335	7.31	33950	2014-01-01	FR-78     
1336	7.71	33950	2014-01-01	FR-79     
1337	11.92	33950	2014-01-01	FR-80     
1338	10.94	33950	2014-01-01	FR-81     
1339	11.07	33950	2014-01-01	FR-82     
1340	10.87	33950	2014-01-01	FR-83     
1341	12.66	33950	2014-01-01	FR-84     
1342	8.34	33950	2014-01-01	FR-85     
1343	8.38	33950	2014-01-01	FR-86     
1344	9.58	33950	2014-01-01	FR-87     
1345	11.67	33950	2014-01-01	FR-88     
1346	9.75	33950	2014-01-01	FR-89     
1347	11.56	33950	2014-01-01	FR-90     
1348	7.48	33950	2014-01-01	FR-91     
1349	7.75	33950	2014-01-01	FR-92     
1350	12.91	33950	2014-01-01	FR-93     
1351	8.85	33950	2014-01-01	FR-94     
1352	10.08	33950	2014-01-01	FR-95     
1353	7.35	15308	2015-01-01	FR-01     
1354	13.85	9970	2015-01-01	FR-02     
1355	10.58	8313	2015-01-01	FR-03     
1356	11.33	5208	2015-01-01	FR-04     
1357	9.45	5472	2015-01-01	FR-05     
1358	10.53	40684	2015-01-01	FR-06     
1359	10.70	8242	2015-01-01	FR-07     
1360	12.48	5810	2015-01-01	FR-08     
1361	12.28	3972	2015-01-01	FR-09     
1362	12.73	7135	2015-01-01	FR-10     
1363	14.20	9297	2015-01-01	FR-11     
1364	7.45	8279	2015-01-01	FR-12     
1365	12.03	60613	2015-01-01	FR-13     
1366	9.88	18658	2015-01-01	FR-14     
1367	6.53	4141	2015-01-01	FR-15     
1368	10.08	6847	2015-01-01	FR-16     
1369	10.70	17600	2015-01-01	FR-17     
1370	10.48	6850	2015-01-01	FR-18     
1371	8.23	6488	2015-01-01	FR-19     
1372	8.80	13983	2015-01-01	FR-21     
1373	9.15	14276	2015-01-01	FR-22     
1374	9.55	2667	2015-01-01	FR-23     
1375	10.68	10993	2015-01-01	FR-24     
1376	9.50	12979	2015-01-01	FR-25     
1377	11.18	15236	2015-01-01	FR-26     
1378	10.38	12254	2015-01-01	FR-27     
1379	9.65	9516	2015-01-01	FR-28     
1380	9.23	21892	2015-01-01	FR-29     
1381	9.70	6158	2015-01-01	FR-2A     
1382	11.10	6237	2015-01-01	FR-2B     
1383	13.83	18879	2015-01-01	FR-30     
1384	10.60	37805	2015-01-01	FR-31     
1385	8.28	4947	2015-01-01	FR-32     
1386	10.28	43715	2015-01-01	FR-33     
1387	14.08	33088	2015-01-01	FR-34     
1388	8.20	27107	2015-01-01	FR-35     
1389	9.68	5495	2015-01-01	FR-36     
1390	9.28	15052	2015-01-01	FR-37     
1391	8.60	33553	2015-01-01	FR-38     
1392	7.75	6831	2015-01-01	FR-39     
1393	9.60	10410	2015-01-01	FR-40     
1394	9.03	7764	2015-01-01	FR-41     
1395	10.23	20384	2015-01-01	FR-42     
1396	8.40	6114	2015-01-01	FR-43     
1397	8.83	35740	2015-01-01	FR-44     
1398	10.08	15814	2015-01-01	FR-45     
1399	9.18	4697	2015-01-01	FR-46     
1400	10.30	8742	2015-01-01	FR-47     
1401	6.45	2388	2015-01-01	FR-48     
1402	9.58	19267	2015-01-01	FR-49     
1403	8.33	11737	2015-01-01	FR-50     
1404	10.00	13313	2015-01-01	FR-51     
1405	9.80	4063	2015-01-01	FR-52     
1406	7.08	7110	2015-01-01	FR-53     
1407	10.13	15490	2015-01-01	FR-54     
1408	10.13	3672	2015-01-01	FR-55     
1409	9.40	19285	2015-01-01	FR-56     
1410	10.60	22261	2015-01-01	FR-57     
1411	9.75	4864	2015-01-01	FR-58     
1412	13.03	55334	2015-01-01	FR-59     
1413	10.15	16428	2015-01-01	FR-60     
1414	9.48	6591	2015-01-01	FR-61     
1415	13.03	27901	2015-01-01	FR-62     
1416	8.93	16650	2015-01-01	FR-63     
1417	8.65	21267	2015-01-01	FR-64     
1418	11.45	6710	2015-01-01	FR-65     
1419	15.33	13015	2015-01-01	FR-66     
1420	8.98	31561	2015-01-01	FR-67     
1421	9.98	18734	2015-01-01	FR-68     
1422	9.30	59517	2015-01-01	FR-69     
1423	9.75	4818	2015-01-01	FR-70     
1424	9.30	13888	2015-01-01	FR-71     
1425	10.13	12178	2015-01-01	FR-72     
1426	8.20	16234	2015-01-01	FR-73     
1427	7.63	24899	2015-01-01	FR-74     
1428	8.20	156318	2015-01-01	FR-75     
1429	11.23	28598	2015-01-01	FR-76     
1430	8.18	31108	2015-01-01	FR-77     
1431	7.45	32689	2015-01-01	FR-78     
1432	7.98	8352	2015-01-01	FR-79     
1433	12.03	11654	2015-01-01	FR-80     
1434	11.05	9979	2015-01-01	FR-81     
1435	11.60	6138	2015-01-01	FR-82     
1436	11.10	31986	2015-01-01	FR-83     
1437	12.95	17478	2015-01-01	FR-84     
1438	8.43	17277	2015-01-01	FR-85     
1439	8.55	9844	2015-01-01	FR-86     
1440	9.80	8911	2015-01-01	FR-87     
1441	11.73	9108	2015-01-01	FR-88     
1442	9.88	7882	2015-01-01	FR-89     
1443	11.50	3011	2015-01-01	FR-90     
1444	7.70	27339	2015-01-01	FR-91     
1445	7.85	48860	2015-01-01	FR-92     
1446	13.10	38729	2015-01-01	FR-93     
1447	9.00	33580	2015-01-01	FR-94     
1448	10.28	26103	2015-01-01	FR-95     
1449	7.35	15249	2016-01-01	FR-01     
1450	13.63	9714	2016-01-01	FR-02     
1451	10.35	8128	2016-01-01	FR-03     
1452	11.05	5137	2016-01-01	FR-04     
1453	9.25	5408	2016-01-01	FR-05     
1454	10.33	40551	2016-01-01	FR-06     
1455	10.65	8075	2016-01-01	FR-07     
1456	11.98	5720	2016-01-01	FR-08     
1457	11.98	3857	2016-01-01	FR-09     
1458	12.63	7012	2016-01-01	FR-10     
1459	13.55	9207	2016-01-01	FR-11     
1460	7.33	8136	2016-01-01	FR-12     
1461	11.73	60737	2016-01-01	FR-13     
1462	9.40	18393	2016-01-01	FR-14     
1463	6.25	4060	2016-01-01	FR-15     
1464	9.73	7680	2016-01-01	FR-16     
1465	10.25	17349	2016-01-01	FR-17     
1466	10.38	6688	2016-01-01	FR-18     
1467	8.18	6413	2016-01-01	FR-19     
1468	8.50	13835	2016-01-01	FR-21     
1469	9.00	13986	2016-01-01	FR-22     
1470	9.13	2614	2016-01-01	FR-23     
1471	10.30	10764	2016-01-01	FR-24     
1472	9.13	12947	2016-01-01	FR-25     
1473	10.93	15196	2016-01-01	FR-26     
1474	10.28	12097	2016-01-01	FR-27     
1475	9.48	9323	2016-01-01	FR-28     
1476	8.98	21514	2016-01-01	FR-29     
1477	9.40	6132	2016-01-01	FR-2A     
1478	10.58	6256	2016-01-01	FR-2B     
1479	13.33	18788	2016-01-01	FR-30     
1480	10.13	37951	2016-01-01	FR-31     
1481	8.03	4888	2016-01-01	FR-32     
1482	9.98	44003	2016-01-01	FR-33     
1483	13.68	33313	2016-01-01	FR-34     
1484	7.90	26989	2016-01-01	FR-35     
1485	9.78	5308	2016-01-01	FR-36     
1486	9.13	14937	2016-01-01	FR-37     
1487	8.40	33516	2016-01-01	FR-38     
1488	7.53	6742	2016-01-01	FR-39     
1489	9.43	10271	2016-01-01	FR-40     
1490	8.70	7638	2016-01-01	FR-41     
1491	9.98	20094	2016-01-01	FR-42     
1492	8.25	6030	2016-01-01	FR-43     
1493	8.30	35731	2016-01-01	FR-44     
1494	9.90	15648	2016-01-01	FR-45     
1495	9.08	4567	2016-01-01	FR-46     
1496	10.18	8524	2016-01-01	FR-47     
1497	6.33	2342	2016-01-01	FR-48     
1498	9.25	19038	2016-01-01	FR-49     
1499	7.98	11498	2016-01-01	FR-50     
1500	9.55	13236	2016-01-01	FR-51     
1501	9.43	3967	2016-01-01	FR-52     
1502	6.75	6937	2016-01-01	FR-53     
1503	9.85	15284	2016-01-01	FR-54     
1504	9.75	3579	2016-01-01	FR-55     
1505	9.08	19041	2016-01-01	FR-56     
1506	10.13	22028	2016-01-01	FR-57     
1507	9.35	4777	2016-01-01	FR-58     
1508	12.60	54758	2016-01-01	FR-59     
1509	9.95	16247	2016-01-01	FR-60     
1510	9.30	6429	2016-01-01	FR-61     
1511	12.43	27656	2016-01-01	FR-62     
1512	8.75	16457	2016-01-01	FR-63     
1513	8.28	21015	2016-01-01	FR-64     
1514	11.20	6545	2016-01-01	FR-65     
1515	15.18	12898	2016-01-01	FR-66     
1516	8.75	31286	2016-01-01	FR-67     
1517	9.80	18710	2016-01-01	FR-68     
1518	9.00	59710	2016-01-01	FR-69     
1519	9.20	4738	2016-01-01	FR-70     
1520	9.03	13669	2016-01-01	FR-71     
1521	9.75	11935	2016-01-01	FR-72     
1522	7.95	16241	2016-01-01	FR-73     
1523	7.43	24535	2016-01-01	FR-74     
1524	7.85	156214	2016-01-01	FR-75     
1525	11.25	28223	2016-01-01	FR-76     
1526	7.95	31223	2016-01-01	FR-77     
1527	7.40	32795	2016-01-01	FR-78     
1528	7.85	8130	2016-01-01	FR-79     
1529	11.98	11485	2016-01-01	FR-80     
1530	10.65	9821	2016-01-01	FR-81     
1531	11.50	6128	2016-01-01	FR-82     
1532	10.78	31623	2016-01-01	FR-83     
1533	12.80	17480	2016-01-01	FR-84     
1534	7.85	17067	2016-01-01	FR-85     
1535	8.40	9704	2016-01-01	FR-86     
1536	9.50	8806	2016-01-01	FR-87     
1537	10.98	9023	2016-01-01	FR-88     
1538	9.58	7681	2016-01-01	FR-89     
1539	10.85	2996	2016-01-01	FR-90     
1540	7.65	27588	2016-01-01	FR-91     
1541	7.55	49048	2016-01-01	FR-92     
1542	12.73	1049175	2016-01-01	FR-93     
1543	8.83	33682	2016-01-01	FR-94     
1544	10.08	26283	2016-01-01	FR-95     
1545	6.73	15310	2017-01-01	FR-01     
1546	12.98	9546	2017-01-01	FR-02     
1547	9.73	7959	2017-01-01	FR-03     
1548	10.70	5051	2017-01-01	FR-04     
1549	8.70	5334	2017-01-01	FR-05     
1550	9.83	39885	2017-01-01	FR-06     
1551	10.05	7953	2017-01-01	FR-07     
1552	11.05	5632	2017-01-01	FR-08     
1553	11.48	3830	2017-01-01	FR-09     
1554	11.93	6969	2017-01-01	FR-10     
1555	12.65	9034	2017-01-01	FR-11     
1556	6.93	7973	2017-01-01	FR-12     
1557	11.28	60044	2017-01-01	FR-13     
1558	8.70	18435	2017-01-01	FR-14     
1559	5.65	3938	2017-01-01	FR-15     
1560	8.93	7105	2017-01-01	FR-16     
1561	9.48	17254	2017-01-01	FR-17     
1562	9.73	6586	2017-01-01	FR-18     
1563	7.45	1016346	2017-01-01	FR-19     
1564	7.80	13662	2017-01-01	FR-21     
1565	8.33	13868	2017-01-01	FR-22     
1566	8.53	2605	2017-01-01	FR-23     
1567	9.65	10547	2017-01-01	FR-24     
1568	8.25	12778	2017-01-01	FR-25     
1569	10.13	14974	2017-01-01	FR-26     
1570	9.53	11989	2017-01-01	FR-27     
1571	8.88	9208	2017-01-01	FR-28     
1572	8.20	21406	2017-01-01	FR-29     
1573	9.10	6032	2017-01-01	FR-2A     
1574	9.80	6145	2017-01-01	FR-2B     
1575	12.53	18547	2017-01-01	FR-30     
1576	9.20	38030	2017-01-01	FR-31     
1577	7.20	4788	2017-01-01	FR-32     
1578	9.38	44415	2017-01-01	FR-33     
1579	12.95	33117	2017-01-01	FR-34     
1580	7.20	27234	2017-01-01	FR-35     
1581	9.13	5186	2017-01-01	FR-36     
1582	8.50	14882	2017-01-01	FR-37     
1583	7.83	33423	2017-01-01	FR-38     
1584	6.85	6704	2017-01-01	FR-39     
1585	9.03	10266	2017-01-01	FR-40     
1586	8.00	7573	2017-01-01	FR-41     
1587	9.20	19958	2017-01-01	FR-42     
1588	7.40	6021	2017-01-01	FR-43     
1589	7.58	36067	2017-01-01	FR-44     
1590	9.05	15645	2017-01-01	FR-45     
1591	8.78	4539	2017-01-01	FR-46     
1592	9.25	8511	2017-01-01	FR-47     
1593	5.95	2291	2017-01-01	FR-48     
1594	8.48	19091	2017-01-01	FR-49     
1595	7.23	11361	2017-01-01	FR-50     
1596	8.83	13208	2017-01-01	FR-51     
1597	8.55	3865	2017-01-01	FR-52     
1598	6.18	6954	2017-01-01	FR-53     
1599	9.25	15213	2017-01-01	FR-54     
1600	9.03	3493	2017-01-01	FR-55     
1601	8.38	19040	2017-01-01	FR-56     
1602	9.55	1031891	2017-01-01	FR-57     
1603	8.40	4713	2017-01-01	FR-58     
1604	12.18	54532	2017-01-01	FR-59     
1605	9.40	16165	2017-01-01	FR-60     
1606	8.63	6317	2017-01-01	FR-61     
1607	11.50	27535	2017-01-01	FR-62     
1608	8.15	1026363	2017-01-01	FR-63     
1609	7.83	1030973	2017-01-01	FR-64     
1610	10.28	6294	2017-01-01	FR-65     
1611	14.33	12727	2017-01-01	FR-66     
1612	8.10	31239	2017-01-01	FR-67     
1613	9.00	18656	2017-01-01	FR-68     
1614	8.38	60105	2017-01-01	FR-69     
1615	8.55	4717	2017-01-01	FR-70     
1616	8.30	13589	2017-01-01	FR-71     
1617	8.98	11818	2017-01-01	FR-72     
1618	7.30	16253	2017-01-01	FR-73     
1619	6.83	24774	2017-01-01	FR-74     
1620	7.38	155151	2017-01-01	FR-75     
1621	10.60	27897	2017-01-01	FR-76     
1622	7.50	31448	2017-01-01	FR-77     
1623	7.00	32624	2017-01-01	FR-78     
1624	7.20	8088	2017-01-01	FR-79     
1625	11.23	11419	2017-01-01	FR-80     
1626	10.03	9811	2017-01-01	FR-81     
1627	10.80	6069	2017-01-01	FR-82     
1628	10.18	31221	2017-01-01	FR-83     
1629	11.98	17397	2017-01-01	FR-84     
1630	7.13	17182	2017-01-01	FR-85     
1631	7.63	9592	2017-01-01	FR-86     
1632	8.68	8629	2017-01-01	FR-87     
1633	10.00	8933	2017-01-01	FR-88     
1634	8.73	7593	2017-01-01	FR-89     
1635	9.55	2977	2017-01-01	FR-90     
1636	7.23	27676	2017-01-01	FR-91     
1637	7.08	48924	2017-01-01	FR-92     
1638	12.00	38774	2017-01-01	FR-93     
1639	8.38	33349	2017-01-01	FR-94     
1640	9.53	26312	2017-01-01	FR-95     
1641	6.40	33950	2018-01-01	FR-01     
1642	12.90	33950	2018-01-01	FR-02     
1643	9.60	33950	2018-01-01	FR-03     
1644	10.70	33950	2018-01-01	FR-04     
1645	8.60	33950	2018-01-01	FR-05     
1646	9.70	33950	2018-01-01	FR-06     
1647	10.00	33950	2018-01-01	FR-07     
1648	10.70	33950	2018-01-01	FR-08     
1649	11.40	33950	2018-01-01	FR-09     
1650	11.90	33950	2018-01-01	FR-10     
1651	12.60	33950	2018-01-01	FR-11     
1652	6.70	33950	2018-01-01	FR-12     
1653	11.30	33950	2018-01-01	FR-13     
1654	8.60	33950	2018-01-01	FR-14     
1655	5.40	33950	2018-01-01	FR-15     
1656	8.80	33950	2018-01-01	FR-16     
1657	9.30	33950	2018-01-01	FR-17     
1658	9.70	33950	2018-01-01	FR-18     
1659	7.40	33950	2018-01-01	FR-19     
1660	7.60	33950	2018-01-01	FR-21     
1661	8.20	33950	2018-01-01	FR-22     
1662	8.70	33950	2018-01-01	FR-23     
1663	9.40	33950	2018-01-01	FR-24     
1664	7.90	33950	2018-01-01	FR-25     
1665	9.90	33950	2018-01-01	FR-26     
1666	9.30	33950	2018-01-01	FR-27     
1667	8.70	33950	2018-01-01	FR-28     
1668	8.00	33950	2018-01-01	FR-29     
1669	8.80	33950	2018-01-01	FR-2A     
1670	9.80	33950	2018-01-01	FR-2B     
1671	12.60	33950	2018-01-01	FR-30     
1672	8.80	33950	2018-01-01	FR-31     
1673	6.90	33950	2018-01-01	FR-32     
1674	9.10	33950	2018-01-01	FR-33     
1675	12.90	33950	2018-01-01	FR-34     
1676	7.00	33950	2018-01-01	FR-35     
1677	9.00	33950	2018-01-01	FR-36     
1678	8.30	33950	2018-01-01	FR-37     
1679	7.60	33950	2018-01-01	FR-38     
1680	6.60	33950	2018-01-01	FR-39     
1681	8.80	33950	2018-01-01	FR-40     
1682	7.90	33950	2018-01-01	FR-41     
1683	8.90	33950	2018-01-01	FR-42     
1684	7.20	33950	2018-01-01	FR-43     
1685	7.40	33950	2018-01-01	FR-44     
1686	8.80	33950	2018-01-01	FR-45     
1687	8.70	33950	2018-01-01	FR-46     
1688	9.20	33950	2018-01-01	FR-47     
1689	5.80	33950	2018-01-01	FR-48     
1690	8.30	33950	2018-01-01	FR-49     
1691	7.00	33950	2018-01-01	FR-50     
1692	8.70	33950	2018-01-01	FR-51     
1693	8.50	33950	2018-01-01	FR-52     
1694	5.90	33950	2018-01-01	FR-53     
1695	9.00	33950	2018-01-01	FR-54     
1696	8.90	33950	2018-01-01	FR-55     
1697	8.10	33950	2018-01-01	FR-56     
1698	9.10	33950	2018-01-01	FR-57     
1699	8.00	33950	2018-01-01	FR-58     
1700	12.30	33950	2018-01-01	FR-59     
1701	9.30	33950	2018-01-01	FR-60     
1702	8.50	33950	2018-01-01	FR-61     
1703	11.40	33950	2018-01-01	FR-62     
1704	8.00	33950	2018-01-01	FR-63     
1705	7.70	33950	2018-01-01	FR-64     
1706	9.90	33950	2018-01-01	FR-65     
1707	14.30	33950	2018-01-01	FR-66     
1708	7.80	33950	2018-01-01	FR-67     
1709	8.50	33950	2018-01-01	FR-68     
1710	8.20	33950	2018-01-01	FR-69     
1711	8.30	33950	2018-01-01	FR-70     
1712	8.00	33950	2018-01-01	FR-71     
1713	8.80	33950	2018-01-01	FR-72     
1714	7.00	33950	2018-01-01	FR-73     
1715	6.60	33950	2018-01-01	FR-74     
1716	7.20	33950	2018-01-01	FR-75     
1717	10.40	33950	2018-01-01	FR-76     
1718	7.40	33950	2018-01-01	FR-77     
1719	7.00	33950	2018-01-01	FR-78     
1720	7.00	33950	2018-01-01	FR-79     
1721	11.00	33950	2018-01-01	FR-80     
1722	9.80	33950	2018-01-01	FR-81     
1723	10.70	33950	2018-01-01	FR-82     
1724	10.10	33950	2018-01-01	FR-83     
1725	11.80	33950	2018-01-01	FR-84     
1726	6.90	33950	2018-01-01	FR-85     
1727	7.50	33950	2018-01-01	FR-86     
1728	8.30	33950	2018-01-01	FR-87     
1729	9.70	33950	2018-01-01	FR-88     
1730	8.50	33950	2018-01-01	FR-89     
1731	9.10	33950	2018-01-01	FR-90     
1732	7.20	33950	2018-01-01	FR-91     
1733	7.00	33950	2018-01-01	FR-92     
1734	11.90	33950	2018-01-01	FR-93     
1735	8.30	33950	2018-01-01	FR-94     
1736	9.40	33950	2018-01-01	FR-95     
\.


--
-- Data for Name: Vote; Type: TABLE DATA; Schema: public; Owner: postgres
--

COPY public."Vote" (id, taux, date_donnees, id_candidat, code_departement) FROM stdin;
2	20.71	2012-01-01	10	FR-01
3	26.33	2012-01-01	10	FR-02
4	18.32	2012-01-01	10	FR-03
5	20.71	2012-01-01	10	FR-04
6	17.70	2012-01-01	10	FR-05
7	23.50	2012-01-01	10	FR-06
8	20.04	2012-01-01	10	FR-07
9	24.50	2012-01-01	10	FR-08
10	16.79	2012-01-01	10	FR-09
11	25.12	2012-01-01	10	FR-10
12	23.22	2012-01-01	10	FR-11
13	14.10	2012-01-01	10	FR-12
14	23.38	2012-01-01	10	FR-13
15	16.22	2012-01-01	10	FR-14
16	15.12	2012-01-01	10	FR-15
17	17.72	2012-01-01	10	FR-16
18	17.45	2012-01-01	10	FR-17
19	19.73	2012-01-01	10	FR-18
20	13.31	2012-01-01	10	FR-19
21	25.71	2012-01-01	10	FR-2A
22	23.26	2012-01-01	10	FR-2B
23	18.84	2012-01-01	10	FR-21
24	13.58	2012-01-01	10	FR-22
25	16.27	2012-01-01	10	FR-23
26	17.01	2012-01-01	10	FR-24
27	19.19	2012-01-01	10	FR-25
28	20.96	2012-01-01	10	FR-26
29	22.75	2012-01-01	10	FR-27
30	20.72	2012-01-01	10	FR-28
31	11.98	2012-01-01	10	FR-29
32	25.51	2012-01-01	10	FR-30
33	15.31	2012-01-01	10	FR-31
34	15.90	2012-01-01	10	FR-32
35	15.61	2012-01-01	10	FR-33
36	22.28	2012-01-01	10	FR-34
37	12.39	2012-01-01	10	FR-35
38	19.55	2012-01-01	10	FR-36
39	15.98	2012-01-01	10	FR-37
40	18.97	2012-01-01	10	FR-38
41	20.41	2012-01-01	10	FR-39
42	14.10	2012-01-01	10	FR-40
43	20.88	2012-01-01	10	FR-41
44	21.55	2012-01-01	10	FR-42
45	20.40	2012-01-01	10	FR-43
46	12.18	2012-01-01	10	FR-44
47	20.58	2012-01-01	10	FR-45
48	13.48	2012-01-01	10	FR-46
49	21.41	2012-01-01	10	FR-47
50	17.30	2012-01-01	10	FR-48
51	13.88	2012-01-01	10	FR-49
52	16.64	2012-01-01	10	FR-50
53	22.44	2012-01-01	10	FR-51
54	25.26	2012-01-01	10	FR-52
55	14.77	2012-01-01	10	FR-53
56	21.17	2012-01-01	10	FR-54
57	25.82	2012-01-01	10	FR-55
58	15.55	2012-01-01	10	FR-56
59	24.73	2012-01-01	10	FR-57
60	19.58	2012-01-01	10	FR-58
61	21.91	2012-01-01	10	FR-59
62	25.08	2012-01-01	10	FR-60
63	20.00	2012-01-01	10	FR-61
64	25.53	2012-01-01	10	FR-62
65	15.58	2012-01-01	10	FR-63
66	12.15	2012-01-01	10	FR-64
67	14.91	2012-01-01	10	FR-65
68	24.23	2012-01-01	10	FR-66
69	21.21	2012-01-01	10	FR-67
70	23.43	2012-01-01	10	FR-68
71	15.09	2012-01-01	10	FR-69
72	25.12	2012-01-01	10	FR-70
73	20.03	2012-01-01	10	FR-71
74	19.17	2012-01-01	10	FR-72
75	18.92	2012-01-01	10	FR-73
76	16.56	2012-01-01	10	FR-74
77	6.20	2012-01-01	10	FR-75
78	18.90	2012-01-01	10	FR-76
79	19.65	2012-01-01	10	FR-77
80	12.44	2012-01-01	10	FR-78
81	13.57	2012-01-01	10	FR-79
82	23.77	2012-01-01	10	FR-80
83	18.93	2012-01-01	10	FR-81
84	22.10	2012-01-01	10	FR-82
85	24.83	2012-01-01	10	FR-83
86	27.03	2012-01-01	10	FR-84
87	15.18	2012-01-01	10	FR-85
88	16.41	2012-01-01	10	FR-86
89	16.44	2012-01-01	10	FR-87
90	24.18	2012-01-01	10	FR-88
91	23.68	2012-01-01	10	FR-89
92	23.74	2012-01-01	10	FR-90
93	15.20	2012-01-01	10	FR-91
94	8.51	2012-01-01	10	FR-92
95	13.55	2012-01-01	10	FR-93
96	11.86	2012-01-01	10	FR-94
97	15.60	2012-01-01	10	FR-95
98	2.26	2012-01-01	5	FR-01
99	1.16	2012-01-01	5	FR-02
100	1.57	2012-01-01	5	FR-03
101	2.91	2012-01-01	5	FR-04
102	3.63	2012-01-01	5	FR-05
103	2.15	2012-01-01	5	FR-06
104	2.80	2012-01-01	5	FR-07
105	1.22	2012-01-01	5	FR-08
106	2.85	2012-01-01	5	FR-09
107	1.41	2012-01-01	5	FR-10
108	2.09	2012-01-01	5	FR-11
109	2.34	2012-01-01	5	FR-12
110	2.11	2012-01-01	5	FR-13
111	2.13	2012-01-01	5	FR-14
112	1.56	2012-01-01	5	FR-15
113	1.83	2012-01-01	5	FR-16
114	2.21	2012-01-01	5	FR-17
115	1.58	2012-01-01	5	FR-18
116	1.38	2012-01-01	5	FR-19
117	2.23	2012-01-01	5	FR-2A
118	2.33	2012-01-01	5	FR-2B
119	2.10	2012-01-01	5	FR-21
120	2.78	2012-01-01	5	FR-22
121	1.76	2012-01-01	5	FR-23
122	2.13	2012-01-01	5	FR-24
123	2.35	2012-01-01	5	FR-25
124	2.87	2012-01-01	5	FR-26
125	1.66	2012-01-01	5	FR-27
126	1.60	2012-01-01	5	FR-28
127	2.95	2012-01-01	5	FR-29
128	2.12	2012-01-01	5	FR-30
129	3.04	2012-01-01	5	FR-31
130	2.25	2012-01-01	5	FR-32
131	2.43	2012-01-01	5	FR-33
132	2.52	2012-01-01	5	FR-34
133	3.17	2012-01-01	5	FR-35
134	1.45	2012-01-01	5	FR-36
135	2.23	2012-01-01	5	FR-37
136	3.03	2012-01-01	5	FR-38
137	2.40	2012-01-01	5	FR-39
138	1.83	2012-01-01	5	FR-40
139	1.73	2012-01-01	5	FR-41
140	1.96	2012-01-01	5	FR-42
141	2.10	2012-01-01	5	FR-43
142	3.15	2012-01-01	5	FR-44
143	1.89	2012-01-01	5	FR-45
144	2.67	2012-01-01	5	FR-46
145	1.92	2012-01-01	5	FR-47
146	2.61	2012-01-01	5	FR-48
147	2.36	2012-01-01	5	FR-49
148	1.83	2012-01-01	5	FR-50
149	1.51	2012-01-01	5	FR-51
150	1.38	2012-01-01	5	FR-52
151	2.12	2012-01-01	5	FR-53
152	1.81	2012-01-01	5	FR-54
153	1.60	2012-01-01	5	FR-55
154	2.81	2012-01-01	5	FR-56
155	1.73	2012-01-01	5	FR-57
156	1.64	2012-01-01	5	FR-58
157	1.75	2012-01-01	5	FR-59
158	1.51	2012-01-01	5	FR-60
159	1.79	2012-01-01	5	FR-61
160	1.21	2012-01-01	5	FR-62
161	2.04	2012-01-01	5	FR-63
162	2.88	2012-01-01	5	FR-64
163	2.08	2012-01-01	5	FR-65
164	2.11	2012-01-01	5	FR-66
165	2.76	2012-01-01	5	FR-67
166	2.71	2012-01-01	5	FR-68
167	2.90	2012-01-01	5	FR-69
168	1.58	2012-01-01	5	FR-70
169	1.67	2012-01-01	5	FR-71
170	1.89	2012-01-01	5	FR-72
171	3.42	2012-01-01	5	FR-73
172	3.59	2012-01-01	5	FR-74
173	4.18	2012-01-01	5	FR-75
174	1.63	2012-01-01	5	FR-76
175	1.96	2012-01-01	5	FR-77
176	2.50	2012-01-01	5	FR-78
177	2.02	2012-01-01	5	FR-79
178	1.22	2012-01-01	5	FR-80
179	2.14	2012-01-01	5	FR-81
180	1.97	2012-01-01	5	FR-82
181	1.89	2012-01-01	5	FR-83
182	2.26	2012-01-01	5	FR-84
183	1.88	2012-01-01	5	FR-85
184	2.17	2012-01-01	5	FR-86
185	1.80	2012-01-01	5	FR-87
186	1.76	2012-01-01	5	FR-88
187	1.76	2012-01-01	5	FR-89
188	2.02	2012-01-01	5	FR-90
189	2.35	2012-01-01	5	FR-91
190	2.74	2012-01-01	5	FR-92
191	2.21	2012-01-01	5	FR-93
192	2.63	2012-01-01	5	FR-94
193	2.05	2012-01-01	5	FR-95
194	30.41	2012-01-01	7	FR-01
195	24.20	2012-01-01	7	FR-02
196	24.02	2012-01-01	7	FR-03
197	25.47	2012-01-01	7	FR-04
198	26.11	2012-01-01	7	FR-05
199	37.19	2012-01-01	7	FR-06
200	23.76	2012-01-01	7	FR-07
201	24.43	2012-01-01	7	FR-08
202	18.72	2012-01-01	7	FR-09
203	30.33	2012-01-01	7	FR-10
204	21.63	2012-01-01	7	FR-11
205	25.51	2012-01-01	7	FR-12
206	27.50	2012-01-01	7	FR-13
207	27.34	2012-01-01	7	FR-14
208	28.61	2012-01-01	7	FR-15
209	23.06	2012-01-01	7	FR-16
210	28.10	2012-01-01	7	FR-17
211	24.96	2012-01-01	7	FR-18
212	21.59	2012-01-01	7	FR-19
213	31.83	2012-01-01	7	FR-2A
214	31.06	2012-01-01	7	FR-2B
215	28.57	2012-01-01	7	FR-21
216	23.86	2012-01-01	7	FR-22
217	22.23	2012-01-01	7	FR-23
218	22.93	2012-01-01	7	FR-24
219	28.49	2012-01-01	7	FR-25
220	26.12	2012-01-01	7	FR-26
221	27.78	2012-01-01	7	FR-27
222	29.39	2012-01-01	7	FR-28
223	24.46	2012-01-01	7	FR-29
224	24.86	2012-01-01	7	FR-30
225	22.84	2012-01-01	7	FR-31
226	24.14	2012-01-01	7	FR-32
227	24.84	2012-01-01	7	FR-33
228	25.31	2012-01-01	7	FR-34
229	26.02	2012-01-01	7	FR-35
230	24.16	2012-01-01	7	FR-36
231	28.24	2012-01-01	7	FR-37
232	24.96	2012-01-01	7	FR-38
233	25.83	2012-01-01	7	FR-39
234	24.56	2012-01-01	7	FR-40
235	28.35	2012-01-01	7	FR-41
236	25.07	2012-01-01	7	FR-42
237	24.42	2012-01-01	7	FR-43
238	26.07	2012-01-01	7	FR-44
239	29.31	2012-01-01	7	FR-45
240	21.43	2012-01-01	7	FR-46
241	25.32	2012-01-01	7	FR-47
242	27.77	2012-01-01	7	FR-48
243	29.93	2012-01-01	7	FR-49
244	28.82	2012-01-01	7	FR-50
245	29.87	2012-01-01	7	FR-51
246	27.99	2012-01-01	7	FR-52
247	30.69	2012-01-01	7	FR-53
248	24.21	2012-01-01	7	FR-54
249	26.56	2012-01-01	7	FR-55
250	28.15	2012-01-01	7	FR-56
251	25.93	2012-01-01	7	FR-57
252	22.51	2012-01-01	7	FR-58
253	24.70	2012-01-01	7	FR-59
254	26.59	2012-01-01	7	FR-60
255	29.64	2012-01-01	7	FR-61
256	21.86	2012-01-01	7	FR-62
257	21.42	2012-01-01	7	FR-63
258	23.62	2012-01-01	7	FR-64
259	20.39	2012-01-01	7	FR-65
260	25.31	2012-01-01	7	FR-66
261	33.62	2012-01-01	7	FR-67
262	31.91	2012-01-01	7	FR-68
263	30.77	2012-01-01	7	FR-69
264	25.23	2012-01-01	7	FR-70
265	26.01	2012-01-01	7	FR-71
266	26.43	2012-01-01	7	FR-72
267	28.61	2012-01-01	7	FR-73
268	34.06	2012-01-01	7	FR-74
269	32.19	2012-01-01	7	FR-75
270	25.02	2012-01-01	7	FR-76
271	27.27	2012-01-01	7	FR-77
272	34.24	2012-01-01	7	FR-78
273	25.01	2012-01-01	7	FR-79
274	23.90	2012-01-01	7	FR-80
275	23.28	2012-01-01	7	FR-81
276	25.14	2012-01-01	7	FR-82
277	34.83	2012-01-01	7	FR-83
278	27.45	2012-01-01	7	FR-84
279	32.89	2012-01-01	7	FR-85
280	24.50	2012-01-01	7	FR-86
281	19.83	2012-01-01	7	FR-87
282	25.32	2012-01-01	7	FR-88
283	27.62	2012-01-01	7	FR-89
284	23.88	2012-01-01	7	FR-90
285	25.46	2012-01-01	7	FR-91
286	34.97	2012-01-01	7	FR-92
287	19.48	2012-01-01	7	FR-93
288	26.57	2012-01-01	7	FR-94
289	26.25	2012-01-01	7	FR-95
290	9.61	2012-01-01	3	FR-01
291	10.19	2012-01-01	3	FR-02
292	13.58	2012-01-01	3	FR-03
293	15.15	2012-01-01	3	FR-04
294	14.03	2012-01-01	3	FR-05
295	8.49	2012-01-01	3	FR-06
296	14.07	2012-01-01	3	FR-07
297	9.28	2012-01-01	3	FR-08
298	16.86	2012-01-01	3	FR-09
299	7.93	2012-01-01	3	FR-10
300	13.15	2012-01-01	3	FR-11
301	12.26	2012-01-01	3	FR-12
302	13.43	2012-01-01	3	FR-13
303	10.56	2012-01-01	3	FR-14
304	8.98	2012-01-01	3	FR-15
305	11.32	2012-01-01	3	FR-16
306	10.38	2012-01-01	3	FR-17
307	13.81	2012-01-01	3	FR-18
308	10.55	2012-01-01	3	FR-19
309	9.69	2012-01-01	3	FR-2A
310	9.99	2012-01-01	3	FR-2B
311	9.51	2012-01-01	3	FR-21
312	12.20	2012-01-01	3	FR-22
313	13.01	2012-01-01	3	FR-23
314	13.71	2012-01-01	3	FR-24
315	10.96	2012-01-01	3	FR-25
316	12.10	2012-01-01	3	FR-26
317	10.34	2012-01-01	3	FR-27
318	8.96	2012-01-01	3	FR-28
319	11.52	2012-01-01	3	FR-29
320	13.33	2012-01-01	3	FR-30
321	13.38	2012-01-01	3	FR-31
322	12.06	2012-01-01	3	FR-32
323	11.74	2012-01-01	3	FR-33
324	13.27	2012-01-01	3	FR-34
325	10.35	2012-01-01	3	FR-35
326	11.26	2012-01-01	3	FR-36
327	10.93	2012-01-01	3	FR-37
328	12.40	2012-01-01	3	FR-38
329	12.55	2012-01-01	3	FR-39
330	12.51	2012-01-01	3	FR-40
331	9.85	2012-01-01	3	FR-41
332	11.18	2012-01-01	3	FR-42
333	11.17	2012-01-01	3	FR-43
334	11.65	2012-01-01	3	FR-44
335	9.53	2012-01-01	3	FR-45
336	14.38	2012-01-01	3	FR-46
337	11.69	2012-01-01	3	FR-47
338	12.41	2012-01-01	3	FR-48
339	9.35	2012-01-01	3	FR-49
340	9.85	2012-01-01	3	FR-50
341	8.52	2012-01-01	3	FR-51
342	8.89	2012-01-01	3	FR-52
343	8.30	2012-01-01	3	FR-53
344	12.07	2012-01-01	3	FR-54
345	8.85	2012-01-01	3	FR-55
346	10.24	2012-01-01	3	FR-56
347	9.52	2012-01-01	3	FR-57
348	11.95	2012-01-01	3	FR-58
349	12.62	2012-01-01	3	FR-59
350	10.11	2012-01-01	3	FR-60
351	8.92	2012-01-01	3	FR-61
352	11.54	2012-01-01	3	FR-62
353	13.99	2012-01-01	3	FR-63
354	11.88	2012-01-01	3	FR-64
355	15.16	2012-01-01	3	FR-65
356	12.77	2012-01-01	3	FR-66
357	7.22	2012-01-01	3	FR-67
358	7.42	2012-01-01	3	FR-68
359	10.74	2012-01-01	3	FR-69
360	9.64	2012-01-01	3	FR-70
361	10.64	2012-01-01	3	FR-71
362	10.78	2012-01-01	3	FR-72
363	11.47	2012-01-01	3	FR-73
364	9.23	2012-01-01	3	FR-74
365	11.09	2012-01-01	3	FR-75
366	13.20	2012-01-01	3	FR-76
367	11.01	2012-01-01	3	FR-77
368	9.11	2012-01-01	3	FR-78
369	10.24	2012-01-01	3	FR-79
370	11.00	2012-01-01	3	FR-80
371	12.17	2012-01-01	3	FR-81
372	11.19	2012-01-01	3	FR-82
373	9.08	2012-01-01	3	FR-83
374	11.15	2012-01-01	3	FR-84
375	8.46	2012-01-01	3	FR-85
376	11.00	2012-01-01	3	FR-86
377	14.36	2012-01-01	3	FR-87
378	9.68	2012-01-01	3	FR-88
379	10.05	2012-01-01	3	FR-89
380	11.41	2012-01-01	3	FR-90
381	12.26	2012-01-01	3	FR-91
382	10.35	2012-01-01	3	FR-92
383	16.99	2012-01-01	3	FR-93
384	14.00	2012-01-01	3	FR-94
385	11.95	2012-01-01	3	FR-95
386	1.03	2012-01-01	2	FR-01
387	1.30	2012-01-01	2	FR-02
388	1.25	2012-01-01	2	FR-03
389	1.38	2012-01-01	2	FR-04
390	1.33	2012-01-01	2	FR-05
391	0.69	2012-01-01	2	FR-06
392	1.37	2012-01-01	2	FR-07
393	1.29	2012-01-01	2	FR-08
394	1.45	2012-01-01	2	FR-09
395	1.01	2012-01-01	2	FR-10
396	1.26	2012-01-01	2	FR-11
397	1.33	2012-01-01	2	FR-12
398	0.80	2012-01-01	2	FR-13
399	1.34	2012-01-01	2	FR-14
400	1.24	2012-01-01	2	FR-15
401	1.47	2012-01-01	2	FR-16
402	1.42	2012-01-01	2	FR-17
403	1.22	2012-01-01	2	FR-18
404	1.01	2012-01-01	2	FR-19
405	1.18	2012-01-01	2	FR-2A
406	1.16	2012-01-01	2	FR-2B
407	1.06	2012-01-01	2	FR-21
408	1.33	2012-01-01	2	FR-22
409	1.49	2012-01-01	2	FR-23
410	1.37	2012-01-01	2	FR-24
411	1.18	2012-01-01	2	FR-25
412	1.11	2012-01-01	2	FR-26
413	1.37	2012-01-01	2	FR-27
414	1.22	2012-01-01	2	FR-28
415	1.48	2012-01-01	2	FR-29
416	1.01	2012-01-01	2	FR-30
417	1.11	2012-01-01	2	FR-31
418	1.23	2012-01-01	2	FR-32
419	1.66	2012-01-01	2	FR-33
420	1.03	2012-01-01	2	FR-34
421	1.22	2012-01-01	2	FR-35
422	1.43	2012-01-01	2	FR-36
423	1.28	2012-01-01	2	FR-37
424	1.03	2012-01-01	2	FR-38
425	1.32	2012-01-01	2	FR-39
426	1.48	2012-01-01	2	FR-40
427	1.31	2012-01-01	2	FR-41
428	1.08	2012-01-01	2	FR-42
429	1.33	2012-01-01	2	FR-43
430	1.25	2012-01-01	2	FR-44
431	1.01	2012-01-01	2	FR-45
432	1.45	2012-01-01	2	FR-46
433	1.37	2012-01-01	2	FR-47
434	1.29	2012-01-01	2	FR-48
435	1.39	2012-01-01	2	FR-49
436	1.35	2012-01-01	2	FR-50
437	1.19	2012-01-01	2	FR-51
438	1.33	2012-01-01	2	FR-52
439	1.31	2012-01-01	2	FR-53
440	1.28	2012-01-01	2	FR-54
441	1.50	2012-01-01	2	FR-55
442	1.37	2012-01-01	2	FR-56
443	1.39	2012-01-01	2	FR-57
444	1.28	2012-01-01	2	FR-58
445	1.10	2012-01-01	2	FR-59
446	1.22	2012-01-01	2	FR-60
447	1.45	2012-01-01	2	FR-61
448	1.29	2012-01-01	2	FR-62
449	1.24	2012-01-01	2	FR-63
450	1.73	2012-01-01	2	FR-64
451	1.36	2012-01-01	2	FR-65
452	1.24	2012-01-01	2	FR-66
453	1.02	2012-01-01	2	FR-67
454	1.19	2012-01-01	2	FR-68
455	0.84	2012-01-01	2	FR-69
456	1.36	2012-01-01	2	FR-70
457	1.22	2012-01-01	2	FR-71
458	1.34	2012-01-01	2	FR-72
459	1.19	2012-01-01	2	FR-73
460	1.12	2012-01-01	2	FR-74
461	0.67	2012-01-01	2	FR-75
462	1.28	2012-01-01	2	FR-76
463	1.02	2012-01-01	2	FR-77
464	0.80	2012-01-01	2	FR-78
465	1.60	2012-01-01	2	FR-79
466	1.28	2012-01-01	2	FR-80
467	1.25	2012-01-01	2	FR-81
468	1.21	2012-01-01	2	FR-82
469	0.87	2012-01-01	2	FR-83
470	0.95	2012-01-01	2	FR-84
471	1.45	2012-01-01	2	FR-85
472	1.35	2012-01-01	2	FR-86
473	1.21	2012-01-01	2	FR-87
474	1.56	2012-01-01	2	FR-88
475	1.27	2012-01-01	2	FR-89
476	1.32	2012-01-01	2	FR-90
477	0.94	2012-01-01	2	FR-91
478	0.69	2012-01-01	2	FR-92
479	0.92	2012-01-01	2	FR-93
480	0.84	2012-01-01	2	FR-94
481	0.96	2012-01-01	2	FR-95
482	0.56	2012-01-01	1	FR-01
483	0.84	2012-01-01	1	FR-02
484	0.72	2012-01-01	1	FR-03
485	0.48	2012-01-01	1	FR-04
486	0.56	2012-01-01	1	FR-05
487	0.27	2012-01-01	1	FR-06
488	0.63	2012-01-01	1	FR-07
489	0.77	2012-01-01	1	FR-08
490	0.55	2012-01-01	1	FR-09
491	0.61	2012-01-01	1	FR-10
492	0.52	2012-01-01	1	FR-11
493	0.53	2012-01-01	1	FR-12
494	0.35	2012-01-01	1	FR-13
495	0.66	2012-01-01	1	FR-14
496	0.60	2012-01-01	1	FR-15
497	0.70	2012-01-01	1	FR-16
498	0.57	2012-01-01	1	FR-17
499	0.76	2012-01-01	1	FR-18
500	0.42	2012-01-01	1	FR-19
501	0.30	2012-01-01	1	FR-2A
502	0.33	2012-01-01	1	FR-2B
503	0.56	2012-01-01	1	FR-21
504	0.67	2012-01-01	1	FR-22
505	0.72	2012-01-01	1	FR-23
506	0.57	2012-01-01	1	FR-24
507	0.65	2012-01-01	1	FR-25
508	0.71	2012-01-01	1	FR-26
509	0.65	2012-01-01	1	FR-27
510	0.67	2012-01-01	1	FR-28
511	0.60	2012-01-01	1	FR-29
512	0.47	2012-01-01	1	FR-30
513	0.41	2012-01-01	1	FR-31
514	0.54	2012-01-01	1	FR-32
515	0.45	2012-01-01	1	FR-33
516	0.40	2012-01-01	1	FR-34
517	0.67	2012-01-01	1	FR-35
518	0.86	2012-01-01	1	FR-36
519	0.68	2012-01-01	1	FR-37
520	0.52	2012-01-01	1	FR-38
521	0.70	2012-01-01	1	FR-39
522	0.48	2012-01-01	1	FR-40
523	0.70	2012-01-01	1	FR-41
524	0.61	2012-01-01	1	FR-42
525	0.74	2012-01-01	1	FR-43
526	0.58	2012-01-01	1	FR-44
527	0.56	2012-01-01	1	FR-45
528	0.55	2012-01-01	1	FR-46
529	0.50	2012-01-01	1	FR-47
530	0.53	2012-01-01	1	FR-48
531	0.75	2012-01-01	1	FR-49
532	0.72	2012-01-01	1	FR-50
533	0.66	2012-01-01	1	FR-51
534	0.79	2012-01-01	1	FR-52
535	0.78	2012-01-01	1	FR-53
536	0.66	2012-01-01	1	FR-54
537	0.70	2012-01-01	1	FR-55
538	0.61	2012-01-01	1	FR-56
539	0.76	2012-01-01	1	FR-57
540	0.72	2012-01-01	1	FR-58
541	0.70	2012-01-01	1	FR-59
542	0.78	2012-01-01	1	FR-60
543	0.74	2012-01-01	1	FR-61
544	0.85	2012-01-01	1	FR-62
545	0.64	2012-01-01	1	FR-63
546	0.46	2012-01-01	1	FR-64
547	0.54	2012-01-01	1	FR-65
548	0.49	2012-01-01	1	FR-66
549	0.64	2012-01-01	1	FR-67
550	0.64	2012-01-01	1	FR-68
551	0.48	2012-01-01	1	FR-69
552	0.77	2012-01-01	1	FR-70
553	0.63	2012-01-01	1	FR-71
554	0.75	2012-01-01	1	FR-72
555	0.50	2012-01-01	1	FR-73
556	0.45	2012-01-01	1	FR-74
557	0.27	2012-01-01	1	FR-75
558	0.71	2012-01-01	1	FR-76
559	0.46	2012-01-01	1	FR-77
560	0.35	2012-01-01	1	FR-78
561	0.73	2012-01-01	1	FR-79
562	0.89	2012-01-01	1	FR-80
563	0.51	2012-01-01	1	FR-81
564	0.48	2012-01-01	1	FR-82
565	0.35	2012-01-01	1	FR-83
566	0.39	2012-01-01	1	FR-84
567	0.63	2012-01-01	1	FR-85
568	0.71	2012-01-01	1	FR-86
569	0.66	2012-01-01	1	FR-87
570	0.75	2012-01-01	1	FR-88
571	0.68	2012-01-01	1	FR-89
572	0.70	2012-01-01	1	FR-90
573	0.41	2012-01-01	1	FR-91
574	0.30	2012-01-01	1	FR-92
575	0.51	2012-01-01	1	FR-93
576	0.38	2012-01-01	1	FR-94
577	0.44	2012-01-01	1	FR-95
578	0.27	2012-01-01	6	FR-01
579	0.25	2012-01-01	6	FR-02
580	0.22	2012-01-01	6	FR-03
581	0.28	2012-01-01	6	FR-04
582	0.24	2012-01-01	6	FR-05
583	0.21	2012-01-01	6	FR-06
584	0.26	2012-01-01	6	FR-07
585	0.24	2012-01-01	6	FR-08
586	0.23	2012-01-01	6	FR-09
587	0.25	2012-01-01	6	FR-10
588	0.21	2012-01-01	6	FR-11
589	0.24	2012-01-01	6	FR-12
590	0.22	2012-01-01	6	FR-13
591	0.25	2012-01-01	6	FR-14
592	0.24	2012-01-01	6	FR-15
593	0.25	2012-01-01	6	FR-16
594	0.23	2012-01-01	6	FR-17
595	0.24	2012-01-01	6	FR-18
596	0.18	2012-01-01	6	FR-19
597	0.22	2012-01-01	6	FR-2A
598	0.20	2012-01-01	6	FR-2B
599	0.24	2012-01-01	6	FR-21
600	0.24	2012-01-01	6	FR-22
601	0.25	2012-01-01	6	FR-23
602	0.24	2012-01-01	6	FR-24
603	0.26	2012-01-01	6	FR-25
604	0.26	2012-01-01	6	FR-26
605	0.27	2012-01-01	6	FR-27
606	0.26	2012-01-01	6	FR-28
607	0.27	2012-01-01	6	FR-29
608	0.23	2012-01-01	6	FR-30
609	0.25	2012-01-01	6	FR-31
610	0.25	2012-01-01	6	FR-32
611	0.23	2012-01-01	6	FR-33
612	0.23	2012-01-01	6	FR-34
613	0.24	2012-01-01	6	FR-35
614	0.28	2012-01-01	6	FR-36
615	0.27	2012-01-01	6	FR-37
616	0.26	2012-01-01	6	FR-38
617	0.28	2012-01-01	6	FR-39
618	0.21	2012-01-01	6	FR-40
619	0.26	2012-01-01	6	FR-41
620	0.23	2012-01-01	6	FR-42
621	0.22	2012-01-01	6	FR-43
622	0.23	2012-01-01	6	FR-44
623	0.25	2012-01-01	6	FR-45
624	0.26	2012-01-01	6	FR-46
625	0.23	2012-01-01	6	FR-47
626	0.24	2012-01-01	6	FR-48
627	0.26	2012-01-01	6	FR-49
628	0.29	2012-01-01	6	FR-50
629	0.24	2012-01-01	6	FR-51
630	0.24	2012-01-01	6	FR-52
631	0.23	2012-01-01	6	FR-53
632	0.28	2012-01-01	6	FR-54
633	0.31	2012-01-01	6	FR-55
634	0.27	2012-01-01	6	FR-56
635	0.27	2012-01-01	6	FR-57
636	0.26	2012-01-01	6	FR-58
637	0.23	2012-01-01	6	FR-59
638	0.25	2012-01-01	6	FR-60
639	0.24	2012-01-01	6	FR-61
640	0.21	2012-01-01	6	FR-62
641	0.27	2012-01-01	6	FR-63
642	0.22	2012-01-01	6	FR-64
643	0.21	2012-01-01	6	FR-65
644	0.22	2012-01-01	6	FR-66
645	0.28	2012-01-01	6	FR-67
646	0.33	2012-01-01	6	FR-68
647	0.26	2012-01-01	6	FR-69
648	0.28	2012-01-01	6	FR-70
649	0.25	2012-01-01	6	FR-71
650	0.23	2012-01-01	6	FR-72
651	0.27	2012-01-01	6	FR-73
652	0.31	2012-01-01	6	FR-74
653	0.23	2012-01-01	6	FR-75
654	0.24	2012-01-01	6	FR-76
655	0.26	2012-01-01	6	FR-77
656	0.28	2012-01-01	6	FR-78
657	0.26	2012-01-01	6	FR-79
658	0.22	2012-01-01	6	FR-80
659	0.23	2012-01-01	6	FR-81
660	0.25	2012-01-01	6	FR-82
661	0.21	2012-01-01	6	FR-83
662	0.21	2012-01-01	6	FR-84
663	0.24	2012-01-01	6	FR-85
664	0.23	2012-01-01	6	FR-86
665	0.24	2012-01-01	6	FR-87
666	0.29	2012-01-01	6	FR-88
667	0.25	2012-01-01	6	FR-89
668	0.29	2012-01-01	6	FR-90
669	0.24	2012-01-01	6	FR-91
670	0.26	2012-01-01	6	FR-92
671	0.24	2012-01-01	6	FR-93
672	0.26	2012-01-01	6	FR-94
673	0.25	2012-01-01	6	FR-95
674	10.16	2012-01-01	8	FR-01
675	6.68	2012-01-01	8	FR-02
676	8.65	2012-01-01	8	FR-03
677	7.42	2012-01-01	8	FR-04
678	9.86	2012-01-01	8	FR-05
679	6.69	2012-01-01	8	FR-06
680	9.15	2012-01-01	8	FR-07
681	7.52	2012-01-01	8	FR-08
682	6.67	2012-01-01	8	FR-09
683	8.37	2012-01-01	8	FR-10
684	6.04	2012-01-01	8	FR-11
685	12.55	2012-01-01	8	FR-12
686	6.35	2012-01-01	8	FR-13
687	10.10	2012-01-01	8	FR-14
688	11.16	2012-01-01	8	FR-15
689	8.81	2012-01-01	8	FR-16
690	9.08	2012-01-01	8	FR-17
691	8.84	2012-01-01	8	FR-18
692	6.93	2012-01-01	8	FR-19
693	5.48	2012-01-01	8	FR-2A
694	4.60	2012-01-01	8	FR-2B
695	9.37	2012-01-01	8	FR-21
696	10.60	2012-01-01	8	FR-22
697	8.33	2012-01-01	8	FR-23
698	8.07	2012-01-01	8	FR-24
699	8.80	2012-01-01	8	FR-25
700	8.88	2012-01-01	8	FR-26
701	8.41	2012-01-01	8	FR-27
702	9.22	2012-01-01	8	FR-28
703	11.27	2012-01-01	8	FR-29
704	6.91	2012-01-01	8	FR-30
705	9.32	2012-01-01	8	FR-31
706	9.95	2012-01-01	8	FR-32
707	9.68	2012-01-01	8	FR-33
708	6.86	2012-01-01	8	FR-34
709	12.35	2012-01-01	8	FR-35
710	8.98	2012-01-01	8	FR-36
711	10.27	2012-01-01	8	FR-37
712	9.10	2012-01-01	8	FR-38
713	9.62	2012-01-01	8	FR-39
714	10.43	2012-01-01	8	FR-40
715	9.76	2012-01-01	8	FR-41
716	9.75	2012-01-01	8	FR-42
717	11.17	2012-01-01	8	FR-43
718	11.30	2012-01-01	8	FR-44
719	9.31	2012-01-01	8	FR-45
720	9.33	2012-01-01	8	FR-46
721	8.85	2012-01-01	8	FR-47
722	11.01	2012-01-01	8	FR-48
723	12.77	2012-01-01	8	FR-49
724	11.20	2012-01-01	8	FR-50
725	9.50	2012-01-01	8	FR-51
726	7.97	2012-01-01	8	FR-52
727	13.78	2012-01-01	8	FR-53
728	8.69	2012-01-01	8	FR-54
729	9.23	2012-01-01	8	FR-55
730	10.85	2012-01-01	8	FR-56
731	9.29	2012-01-01	8	FR-57
732	7.46	2012-01-01	8	FR-58
733	7.48	2012-01-01	8	FR-59
734	7.61	2012-01-01	8	FR-60
735	10.55	2012-01-01	8	FR-61
736	6.40	2012-01-01	8	FR-62
737	9.95	2012-01-01	8	FR-63
738	15.67	2012-01-01	8	FR-64
739	10.55	2012-01-01	8	FR-65
740	6.29	2012-01-01	8	FR-66
741	11.94	2012-01-01	8	FR-67
742	11.39	2012-01-01	8	FR-68
743	10.30	2012-01-01	8	FR-69
744	7.61	2012-01-01	8	FR-70
745	8.83	2012-01-01	8	FR-71
746	9.14	2012-01-01	8	FR-72
747	9.89	2012-01-01	8	FR-73
748	11.83	2012-01-01	8	FR-74
749	9.34	2012-01-01	8	FR-75
750	7.83	2012-01-01	8	FR-76
751	8.55	2012-01-01	8	FR-77
752	11.24	2012-01-01	8	FR-78
753	11.00	2012-01-01	8	FR-79
754	7.31	2012-01-01	8	FR-80
755	9.18	2012-01-01	8	FR-81
756	8.28	2012-01-01	8	FR-82
757	6.66	2012-01-01	8	FR-83
758	6.73	2012-01-01	8	FR-84
759	12.13	2012-01-01	8	FR-85
760	9.59	2012-01-01	8	FR-86
761	7.89	2012-01-01	8	FR-87
762	9.40	2012-01-01	8	FR-88
763	8.47	2012-01-01	8	FR-89
764	8.85	2012-01-01	8	FR-90
765	9.33	2012-01-01	8	FR-91
766	10.69	2012-01-01	8	FR-92
767	6.12	2012-01-01	8	FR-93
768	8.86	2012-01-01	8	FR-94
769	8.39	2012-01-01	8	FR-95
770	2.24	2012-01-01	9	FR-01
771	1.96	2012-01-01	9	FR-02
772	1.98	2012-01-01	9	FR-03
773	1.83	2012-01-01	9	FR-04
774	2.05	2012-01-01	9	FR-05
775	1.59	2012-01-01	9	FR-06
776	1.94	2012-01-01	9	FR-07
777	1.81	2012-01-01	9	FR-08
778	1.51	2012-01-01	9	FR-09
779	2.17	2012-01-01	9	FR-10
780	1.47	2012-01-01	9	FR-11
781	1.70	2012-01-01	9	FR-12
782	1.35	2012-01-01	9	FR-13
783	2.05	2012-01-01	9	FR-14
784	1.66	2012-01-01	9	FR-15
785	2.04	2012-01-01	9	FR-16
786	2.09	2012-01-01	9	FR-17
787	2.11	2012-01-01	9	FR-18
788	1.65	2012-01-01	9	FR-19
789	1.07	2012-01-01	9	FR-2A
790	1.07	2012-01-01	9	FR-2B
791	1.95	2012-01-01	9	FR-21
792	1.71	2012-01-01	9	FR-22
793	1.93	2012-01-01	9	FR-23
794	1.87	2012-01-01	9	FR-24
795	1.84	2012-01-01	9	FR-25
796	1.94	2012-01-01	9	FR-26
797	2.11	2012-01-01	9	FR-27
798	2.24	2012-01-01	9	FR-28
799	1.78	2012-01-01	9	FR-29
800	1.46	2012-01-01	9	FR-30
801	1.53	2012-01-01	9	FR-31
802	1.82	2012-01-01	9	FR-32
803	1.60	2012-01-01	9	FR-33
804	1.40	2012-01-01	9	FR-34
805	1.83	2012-01-01	9	FR-35
806	2.17	2012-01-01	9	FR-36
807	2.01	2012-01-01	9	FR-37
808	1.90	2012-01-01	9	FR-38
809	2.29	2012-01-01	9	FR-39
810	1.64	2012-01-01	9	FR-40
811	2.14	2012-01-01	9	FR-41
812	2.11	2012-01-01	9	FR-42
813	2.08	2012-01-01	9	FR-43
814	1.84	2012-01-01	9	FR-44
815	2.11	2012-01-01	9	FR-45
816	1.94	2012-01-01	9	FR-46
817	1.79	2012-01-01	9	FR-47
818	1.69	2012-01-01	9	FR-48
819	2.21	2012-01-01	9	FR-49
820	2.27	2012-01-01	9	FR-50
821	2.03	2012-01-01	9	FR-51
822	2.41	2012-01-01	9	FR-52
823	2.14	2012-01-01	9	FR-53
824	1.91	2012-01-01	9	FR-54
825	2.04	2012-01-01	9	FR-55
826	1.85	2012-01-01	9	FR-56
827	1.86	2012-01-01	9	FR-57
828	1.96	2012-01-01	9	FR-58
829	1.54	2012-01-01	9	FR-59
830	1.95	2012-01-01	9	FR-60
831	2.40	2012-01-01	9	FR-61
832	1.66	2012-01-01	9	FR-62
833	1.77	2012-01-01	9	FR-63
834	1.46	2012-01-01	9	FR-64
835	1.64	2012-01-01	9	FR-65
836	1.38	2012-01-01	9	FR-66
837	1.73	2012-01-01	9	FR-67
838	2.10	2012-01-01	9	FR-68
839	1.72	2012-01-01	9	FR-69
840	2.03	2012-01-01	9	FR-70
841	2.03	2012-01-01	9	FR-71
842	2.15	2012-01-01	9	FR-72
843	2.11	2012-01-01	9	FR-73
844	2.32	2012-01-01	9	FR-74
845	1.00	2012-01-01	9	FR-75
846	1.79	2012-01-01	9	FR-76
847	2.18	2012-01-01	9	FR-77
848	1.73	2012-01-01	9	FR-78
849	2.23	2012-01-01	9	FR-79
850	2.02	2012-01-01	9	FR-80
851	1.63	2012-01-01	9	FR-81
852	1.76	2012-01-01	9	FR-82
853	1.63	2012-01-01	9	FR-83
854	1.50	2012-01-01	9	FR-84
855	2.33	2012-01-01	9	FR-85
856	2.05	2012-01-01	9	FR-86
857	1.67	2012-01-01	9	FR-87
858	2.38	2012-01-01	9	FR-88
859	2.22	2012-01-01	9	FR-89
860	1.79	2012-01-01	9	FR-90
861	3.41	2012-01-01	9	FR-91
862	1.34	2012-01-01	9	FR-92
863	1.31	2012-01-01	9	FR-93
864	1.66	2012-01-01	9	FR-94
865	1.70	2012-01-01	9	FR-95
866	22.75	2012-01-01	4	FR-01
867	27.10	2012-01-01	4	FR-02
868	29.68	2012-01-01	4	FR-03
869	24.36	2012-01-01	4	FR-04
870	24.49	2012-01-01	4	FR-05
871	19.21	2012-01-01	4	FR-06
872	25.98	2012-01-01	4	FR-07
873	28.93	2012-01-01	4	FR-08
874	34.36	2012-01-01	4	FR-09
875	22.79	2012-01-01	4	FR-10
876	30.41	2012-01-01	4	FR-11
877	29.44	2012-01-01	4	FR-12
878	24.51	2012-01-01	4	FR-13
879	29.34	2012-01-01	4	FR-14
880	30.84	2012-01-01	4	FR-15
881	32.79	2012-01-01	4	FR-16
882	28.47	2012-01-01	4	FR-17
883	26.76	2012-01-01	4	FR-18
884	42.97	2012-01-01	4	FR-19
885	22.29	2012-01-01	4	FR-2A
886	25.99	2012-01-01	4	FR-2B
887	27.79	2012-01-01	4	FR-21
888	33.02	2012-01-01	4	FR-22
889	34.02	2012-01-01	4	FR-23
890	32.09	2012-01-01	4	FR-24
891	26.28	2012-01-01	4	FR-25
892	25.05	2012-01-01	4	FR-26
893	24.65	2012-01-01	4	FR-27
894	25.71	2012-01-01	4	FR-28
895	33.70	2012-01-01	4	FR-29
896	24.11	2012-01-01	4	FR-30
897	32.83	2012-01-01	4	FR-31
898	31.86	2012-01-01	4	FR-32
899	31.75	2012-01-01	4	FR-33
900	26.69	2012-01-01	4	FR-34
901	31.77	2012-01-01	4	FR-35
902	29.87	2012-01-01	4	FR-36
903	28.10	2012-01-01	4	FR-37
904	27.84	2012-01-01	4	FR-38
905	24.60	2012-01-01	4	FR-39
906	32.75	2012-01-01	4	FR-40
907	25.01	2012-01-01	4	FR-41
908	26.46	2012-01-01	4	FR-42
909	26.36	2012-01-01	4	FR-43
910	31.76	2012-01-01	4	FR-44
911	25.45	2012-01-01	4	FR-45
912	34.51	2012-01-01	4	FR-46
913	26.91	2012-01-01	4	FR-47
914	25.15	2012-01-01	4	FR-48
915	27.10	2012-01-01	4	FR-49
916	27.04	2012-01-01	4	FR-50
917	24.05	2012-01-01	4	FR-51
918	23.75	2012-01-01	4	FR-52
919	25.87	2012-01-01	4	FR-53
920	27.92	2012-01-01	4	FR-54
921	23.40	2012-01-01	4	FR-55
922	28.29	2012-01-01	4	FR-56
923	24.53	2012-01-01	4	FR-57
924	32.64	2012-01-01	4	FR-58
925	27.97	2012-01-01	4	FR-59
926	24.90	2012-01-01	4	FR-60
927	24.26	2012-01-01	4	FR-61
928	29.44	2012-01-01	4	FR-62
929	33.09	2012-01-01	4	FR-63
930	29.93	2012-01-01	4	FR-64
931	33.16	2012-01-01	4	FR-65
932	25.96	2012-01-01	4	FR-66
933	19.58	2012-01-01	4	FR-67
934	18.89	2012-01-01	4	FR-68
935	26.91	2012-01-01	4	FR-69
936	26.38	2012-01-01	4	FR-70
937	28.69	2012-01-01	4	FR-71
938	28.13	2012-01-01	4	FR-72
939	23.64	2012-01-01	4	FR-73
940	20.52	2012-01-01	4	FR-74
941	34.83	2012-01-01	4	FR-75
942	29.40	2012-01-01	4	FR-76
943	27.65	2012-01-01	4	FR-77
944	27.32	2012-01-01	4	FR-78
945	33.34	2012-01-01	4	FR-79
946	28.37	2012-01-01	4	FR-80
947	30.69	2012-01-01	4	FR-81
948	27.63	2012-01-01	4	FR-82
949	19.65	2012-01-01	4	FR-83
950	22.33	2012-01-01	4	FR-84
951	24.81	2012-01-01	4	FR-85
952	31.99	2012-01-01	4	FR-86
953	35.90	2012-01-01	4	FR-87
954	24.68	2012-01-01	4	FR-88
955	24.00	2012-01-01	4	FR-89
956	26.01	2012-01-01	4	FR-90
957	30.39	2012-01-01	4	FR-91
958	30.16	2012-01-01	4	FR-92
959	38.68	2012-01-01	4	FR-93
960	32.93	2012-01-01	4	FR-94
961	32.41	2012-01-01	4	FR-95
\.


--
-- Name: Candidat_id_seq; Type: SEQUENCE SET; Schema: public; Owner: postgres
--

SELECT pg_catalog.setval('public."Candidat_id_seq"', 20, true);


--
-- Name: Demographie_id_seq; Type: SEQUENCE SET; Schema: public; Owner: postgres
--

SELECT pg_catalog.setval('public."Demographie_id_seq"', 1, false);


--
-- Name: Securite_id_seq; Type: SEQUENCE SET; Schema: public; Owner: postgres
--

SELECT pg_catalog.setval('public."Securite_id_seq"', 1, false);


--
-- Name: Vie_economique_id_seq; Type: SEQUENCE SET; Schema: public; Owner: postgres
--

SELECT pg_catalog.setval('public."Vie_economique_id_seq"', 1736, true);


--
-- Name: Vote_id_seq; Type: SEQUENCE SET; Schema: public; Owner: postgres
--

SELECT pg_catalog.setval('public."Vote_id_seq"', 961, true);


--
-- Name: Candidat Candidat_pkey; Type: CONSTRAINT; Schema: public; Owner: postgres
--

ALTER TABLE ONLY public."Candidat"
    ADD CONSTRAINT "Candidat_pkey" PRIMARY KEY (id);


--
-- Name: Demographie Demographie_pkey; Type: CONSTRAINT; Schema: public; Owner: postgres
--

ALTER TABLE ONLY public."Demographie"
    ADD CONSTRAINT "Demographie_pkey" PRIMARY KEY (id);


--
-- Name: Departement Departement_pkey; Type: CONSTRAINT; Schema: public; Owner: postgres
--

ALTER TABLE ONLY public."Departement"
    ADD CONSTRAINT "Departement_pkey" PRIMARY KEY ("ISO_Code");


--
-- Name: Region Region_pkey; Type: CONSTRAINT; Schema: public; Owner: postgres
--

ALTER TABLE ONLY public."Region"
    ADD CONSTRAINT "Region_pkey" PRIMARY KEY ("ISO_Code");


--
-- Name: Securite Securite_pkey; Type: CONSTRAINT; Schema: public; Owner: postgres
--

ALTER TABLE ONLY public."Securite"
    ADD CONSTRAINT "Securite_pkey" PRIMARY KEY (id);


--
-- Name: Vie_economique Vie_economique_pkey; Type: CONSTRAINT; Schema: public; Owner: postgres
--

ALTER TABLE ONLY public."Vie_economique"
    ADD CONSTRAINT "Vie_economique_pkey" PRIMARY KEY (id);


--
-- Name: Vote Vote_pkey; Type: CONSTRAINT; Schema: public; Owner: postgres
--

ALTER TABLE ONLY public."Vote"
    ADD CONSTRAINT "Vote_pkey" PRIMARY KEY (id);


--
-- Name: Demographie Demographie_code_departement_fkey; Type: FK CONSTRAINT; Schema: public; Owner: postgres
--

ALTER TABLE ONLY public."Demographie"
    ADD CONSTRAINT "Demographie_code_departement_fkey" FOREIGN KEY (code_departement) REFERENCES public."Departement"("ISO_Code");


--
-- Name: Departement Departement_Code_Region_fkey; Type: FK CONSTRAINT; Schema: public; Owner: postgres
--

ALTER TABLE ONLY public."Departement"
    ADD CONSTRAINT "Departement_Code_Region_fkey" FOREIGN KEY ("Code_Region") REFERENCES public."Region"("ISO_Code");


--
-- Name: Securite Securite_code_departement_fkey; Type: FK CONSTRAINT; Schema: public; Owner: postgres
--

ALTER TABLE ONLY public."Securite"
    ADD CONSTRAINT "Securite_code_departement_fkey" FOREIGN KEY (code_departement) REFERENCES public."Departement"("ISO_Code");


--
-- Name: Vie_economique Vie_economique_code_departement_fkey; Type: FK CONSTRAINT; Schema: public; Owner: postgres
--

ALTER TABLE ONLY public."Vie_economique"
    ADD CONSTRAINT "Vie_economique_code_departement_fkey" FOREIGN KEY (code_departement) REFERENCES public."Departement"("ISO_Code");


--
-- Name: Vote Vote_code_departement_fkey; Type: FK CONSTRAINT; Schema: public; Owner: postgres
--

ALTER TABLE ONLY public."Vote"
    ADD CONSTRAINT "Vote_code_departement_fkey" FOREIGN KEY (code_departement) REFERENCES public."Departement"("ISO_Code");


--
-- Name: Vote Vote_id_candidat_fkey; Type: FK CONSTRAINT; Schema: public; Owner: postgres
--

ALTER TABLE ONLY public."Vote"
    ADD CONSTRAINT "Vote_id_candidat_fkey" FOREIGN KEY (id_candidat) REFERENCES public."Candidat"(id);


--
-- PostgreSQL database dump complete
--

